2012-01-01,2013-01-01,2014-01-01,2015-01-01,2016-01-01,2017-01-01,2018-01-01,2019-01-01,2020-01-01,2021-01-01,2022-01-01,2023-01-01
0.9080438817446639,0.9073668735707285,0.9008296199108778,0.9048827643272573,0.909908771375538,0.9136701646001811,0.9230835157814362,0.9231362626511972,0.923974825899456,0.9224617328234803,0.9292220553401033,0.9334098142254459
0.9619284121284976,0.9630198872898328,0.9656151225948998,0.9602244714480439,0.9605885896222356,0.9606718383033236,0.9625400303387831,0.9634181909087122,0.9639544601389213,0.9656243190237525,0.9687394731523277,0.9652871913457194
0.8479136458836797,0.9284822543249509,0.9444195829231182,0.9461883408071748,0.951307160183272,0.951278600269179,0.9498432601880877,0.948387669894288,0.9626084622953752,0.9639511019898278,0.964802399435427,0.9592229611480574
0.9387712308660097,0.9359687049619106,0.9299939649969825,0.9344621513944223,0.9357980520771219,0.9384736738315914,0.9442160892542572,,,,,
0.9469307899241869,0.9479520802978793,0.941471048513302,0.9489182222916503,0.9543938571317769,0.9568852078334237,0.9634543761638734,0.9601252769077993,0.9595218279488538,0.9594248720264981,0.9627468581687613,0.9595096582466568
0.9401947148817803,0.9539778185311326,0.9448960383331907,0.9504883227176221,0.9565659131318263,0.9563679245283019,0.9551249790303641,0.9594854231058391,0.9678523714094857,0.9671599600931161,0.9684167011161637,0.9666228214403156
0.966903884077853,0.9695158398087268,0.9685555742391122,0.9711336745825292,0.9739661811485016,0.9699866977053542,0.9713457556935818,0.9702096055454695,0.9719680105532196,0.973893768984484,0.971542726679713,0.9708682561640491
0.9550909315848076,0.9615337196399951,0.9650332430435853,0.9669451953797001,0.9658150851581508,0.9649781871061561,0.9679797003383277,0.9668428640076886,0.96851430623728,0.9647954329210275,0.9674390968508616,0.9669783406320275
0.9619222154347383,0.9681876926135798,0.9619281849483522,0.9654765417527295,0.9673785266457681,0.9658759478903364,0.9648698345107907,0.9685899294481493,0.9661500427878673,0.9664239099593304,0.9678026736961024,0.9683131407269339
0.9633205958401025,0.9600671978932552,0.960208537563497,0.9605799185238437,0.9617844515949628,0.9652366717478669,0.9673027739523903,0.9663778434095488,0.9685229552581858,0.9671093387021836,0.9653576623033188,0.9675571447292061
0.9492733239568683,0.952735311517265,0.9512422649958021,0.9513026238344537,0.9523089736866459,0.9506984387838948,0.9565902752516067,0.956560707456979,0.9568690571999166,0.9559523457593047,0.9591355367514816,0.957495523527167
0.9711940590189564,0.970841010707521,0.9744542320949827,0.97573885076101,0.9782993188745751,0.9792881785014023,0.9785086014189912,0.9777450362994736,0.97505146725287,0.975291946962491,0.9775637419267728,0.9736023817399934
0.9658764715368489,0.9683503836317136,0.967402548808135,0.970952724411514,0.9723068221371389,0.9694582967703272,0.9722499416123485,0.9742215148786464,0.9746979949354477,0.9746794019593807,0.972630470869266,0.9729167915892147
0.9113313008130082,0.9234437751004017,0.9271604938271605,0.9303446613641841,0.9359278595158994,0.9351198871650211,0.9357476635514018,0.9362045140488254,0.9405170441546556,0.9444945848375451,0.9383318544809228,0.9462032322337834
,,,,,,,0.9598127897034336,0.9639269610250457,0.9645371231239208,0.9673903527969885,0.9628879310344828
0.8804137039431157,0.8832908163265306,0.8726614363307181,0.8694610778443114,0.8667861409796893,0.8766310794780545,0.8738317757009346,0.8694396302715194,0.869314910765688,0.8796349115801483,0.874578177727784,0.8708983324367939
0.9514832445383185,0.9609746930593837,0.9638817779846405,0.969352027516851,0.9717410283508707,0.9688493806221038,0.9714564857958815,0.9759158095294801,0.9764921295886123,0.9719804095394498,0.9723421285840885,0.9721585927999774
0.9376331590160759,0.9411284121491734,0.9342375280103786,0.9428116810183452,0.9485422232547334,0.9354126149487383,0.9316691398209755,0.9378375163554181,0.9360434885369889,0.9327589879529479,0.9418895335125702,0.9458022388059701
0.925209348281192,0.9291484139937294,0.9335649037822368,0.9363593194648964,0.9353283536369849,0.9361757800179892,0.935086604346972,0.9322181702869827,0.9351851230912639,0.9318183333370371,0.933614312484593,0.9382183605480283
0.947651836158192,0.9509360500007319,0.9553282403211187,0.958899203484041,0.9591871415421652,0.9596059113300492,0.9628526689595391,0.9623438470563876,0.9639697449620447,0.9624716920090586,0.9668914118735171,0.9675082560988602
0.9467899511514306,0.9384615384615385,0.9448630136986301,0.9528205128205128,0.9559598707702771,0.9572808950669605,0.9515611814345991,0.9318633952254642,0.9333002317113539,,,
0.9520867753753323,0.9498094117980473,0.9522878758050454,0.9520441344042689,0.9540647219815434,0.9557577403585008,0.9611373898086433,0.9624762005500317,0.9625343706425844,0.9619214018679583,0.9634730917599443,0.9628274678326673
0.964058417632478,0.9575920219991386,0.9566783457218638,0.9569248788105541,0.9664722557101431,0.9661235683174706,0.9613989307535642,0.9681659803611024,0.9670025502270324,0.9653635748970435,0.9697368421052631,0.9683011091581308
0.9668612908316238,0.9650371287128713,0.9668267787451216,0.9749178859361003,0.977817478040792,0.9778368794326241,0.9753050124944878,0.9753392674740989,0.9736193651253805,0.9667562597255623,0.9703330534564791,0.9714878892733564
0.9291309212980231,0.9223946784922394,0.9156582324899156,0.9194606413994169,0.9209759650400583,0.9191335740072202,0.9247881355932204,0.9309256661991585,0.9335652173913044,0.9310699588477366,0.9323181049069373,0.9429439567859554
0.9334296811489478,0.9183291770573566,0.9134539732494099,0.9161919558087347,0.9221474192991541,0.9169236039739637,0.9327222414389484,0.933459259895252,0.9384365099751691,0.941965811965812,0.9382967873533912,0.9375742154368109
0.9700342000977146,0.9697228144989339,0.9687333829628841,0.9716966131340435,0.9762659900623745,0.9765302388793058,0.9787322768974145,0.9791753219775654,0.9767717346518335,0.9772037256213657,0.9748392365009697,0.975746835443038
0.9502005177927814,0.9521552810688177,0.9522318321900786,0.9524711137003593,0.9579233928742,0.9584153774027192,0.9567636595822312,0.9568519933480156,0.9592525987981929,0.960036291367839,0.9616322340562042,0.960256192738378
0.961121157323689,0.9592293906810035,0.96,0.9556193420181055,0.9573304157549234,0.9682643904574305,0.9648894668400521,,,,,
0.9672554347826087,0.9632442696324427,0.9592827288661184,0.9650755124056095,0.9660148347943358,0.9653171390013495,0.9652478448275862,0.9656646626586506,0.9619391025641025,0.9665154749199573,0.9709526982011992,0.968331787465218
,,,,,,,0.9424706943192065,0.9480613165013526,0.9466219855185207,0.9488697524219591,0.948643006263048
0.9637638807714787,0.9685314685314685,0.9636863823933975,0.9651194726723428,0.9677331145747881,0.9651715039577836,0.9692387904066736,0.9680284191829485,0.9658077304261645,0.9661811898296717,,
0.9629567267216703,0.9625316455696202,0.9688346883468835,0.9653188969717476,0.9709282556953417,0.974014945652174,0.9734275142953246,0.9768417519718073,0.9773679798826488,0.9740066225165563,0.9779133014669523,0.9763740771123872
0.9309021113243762,0.941247582205029,0.9400386847195358,0.9401647286821705,0.9424198250728864,0.9465630313334953,,,,,,
,,,,0.9565530327815219,0.9633045398454244,0.965526129260906,0.9635666347075743,0.9669662068092646,0.9704806358016904,0.9696608040201005,0.9644944658624549
0.9322678843226788,0.9452600149290868,0.9396426846933849,,,,,,,,,
0.9464860515021459,0.9462564373431929,0.9473409120606299,0.9529886703997916,0.9520795660036167,0.9579150579150579,0.9596670934699104,0.9580686149936467,0.9583437892095358,0.9592624890992899,0.9591961769391006,0.9567173252279635
0.9631386861313869,0.9616154265963253,0.9623559077809798,0.959242045048266,0.9613810286527852,0.9610160522137943,0.9623438324828436,0.9654027607897956,0.9623263888888889,0.9611600207146557,0.9638055842812823,0.9640164496230295
0.878087051439487,0.8801503245644005,0.8842407259140646,0.8858935006005605,0.8924946581196581,0.8944103521878335,0.8943955534969893,0.8948648826352817,0.8951381647549531,0.8962417768514297,0.8991744133133979,0.8985329283267628
0.9406161329550061,0.946333097952184,0.9469334493257938,0.9458847050983006,0.9558141098930661,0.9527677496991577,0.9567677305554632,0.9561553653719552,0.9551223934723482,0.9562109892953009,0.9544142178878481,0.9530173645281103
0.9504740717199004,0.9466805519395991,0.9433728726147499,0.9561117156329344,0.9549984588513305,0.9579093432007401,0.9614713728709214,0.9615679852617574,0.9645582586427657,0.9689700928855772,0.9686121393438467,0.9638104838709678
0.9624126647209693,0.9646375791695989,0.9480780504145382,0.9469166666666666,0.9507638658253073,0.9564640517455842,0.9563450126006016,0.9579953417396193,0.962560956425987,0.9657759024847632,0.9680135980839064,0.9673456931410697
0.9488657493492004,0.9376250227314057,0.9394598513684974,,,,,,,,,
0.9664188669571905,0.9689013510068825,0.9627246134559131,0.973979250334672,0.9765605519075721,0.9650332630212559,0.9735286974823929,0.9737534902273633,0.9743266656166325,0.9700238884179703,0.9724979165088264,0.9733823198620379
0.9699248120300752,0.9736613603473228,0.9700132852533687,0.9728759096493715,0.9721571200899972,0.9681411025948841,0.9722901385493072,0.9748422001803426,0.9780012570710245,0.9815308115787604,0.981138727304777,0.9806865068914055
0.9469031377899045,0.9444895309203052,0.947107173356106,0.9482942430703625,0.9525628780643107,0.9517952475662096,0.9521079785293658,0.9505705394190871,0.9553161882183168,0.9552560094305776,0.9577644181781129,0.9571988345222546
0.9546990666237528,0.9554380059309129,0.9561480302427378,0.9623213858066576,0.961770304568528,0.9612482314101556,0.9613552970567569,,,,,
0.9507505272298722,0.95827142149579,0.9578414839797639,0.9620177330457704,0.96221931804681,0.9652368607117605,0.9634003741814781,0.9617080529125087,0.9607820718042533,0.9614297025223391,0.9633088725817212,0.965464313123561
0.9411008230452675,0.9433545855811672,0.9417007949891593,0.9489341766221597,0.9475131790052717,0.9463246389308041,0.947985197368421,0.9548674357417527,0.9479802955665024,0.9536231884057971,0.951782363977486,0.9542069992553983
0.9418370590104884,0.9512246399663619,0.9509670674333508,0.9547770038465537,0.9518284471148866,0.9536342140433844,0.9485546796038002,0.9508606885508407,0.9509667131752043,0.9450127877237852,0.9539337982516453,0.9486454882089261
0.9456781279847183,0.9491425192193969,,,,,,,,,,
0.9295386904761904,0.9293327493064681,0.9355450236966825,0.9395978009259259,0.9393917761279269,0.9459900638750887,0.9424964936886395,0.9525069637883008,0.9553762328436444,0.9577541564458981,0.9596068399084422,0.956879394984742
0.9528610354223433,0.9519306540583137,0.9546625450798557,0.9539845758354756,0.9552201257861636,0.9623202776400595,0.9622733953944145,0.9584932821497121,0.9595103578154426,0.9597452808733227,0.9595349877040018,0.9610447100486941
0.9125729989694263,0.9139340735003012,0.9156276686592656,0.9152889040395432,0.9183028854362302,0.9198928447977878,0.9221226740179187,0.9219407471017604,0.9516441005802708,0.9667676407697791,0.9658566867683576,0.9616864940517844
0.9553122556138979,0.9670632297862966,0.9738940469688695,0.9746506337341566,0.9729497638471447,0.9725280486526161,0.9755847353303242,0.9776917591932363,0.9704641350210971,0.9725878278080158,0.9717201166180758,0.9763267682157757
0.9454050089070523,0.9484493309822633,0.9439242720444491,0.9524697110904008,0.9557138432951379,0.9556240369799692,0.9562416930784173,0.9605518650996423,0.9544852866306893,0.9580710659898477,0.9596806790622474,0.9604593110334498
0.957360570687419,0.9563416188655195,,,,,,,,,,
0.964594807238395,0.963913948646773,0.9591472736538135,0.9629158180583842,0.9627605917955615,0.9672866157422784,0.9705063083729314,0.9678924921541804,0.9729471674092934,0.9733908948194663,,
0.9510566423128289,0.9526055357971238,0.9438295936931473,0.9499016194944756,0.9541967509025271,0.9579951908626391,0.9623490587264681,0.9642776904066502,0.9633609432131931,0.9623061408999235,0.9661321537185513,0.9616561289006731
0.9575153214916381,0.9560056308734195,0.9555850141235939,0.9602046967068926,0.9625714950581146,0.9666062677092581,0.9696467394568364,0.9688279450550762,0.9663107358662363,0.9673237123078728,0.9675086468923593,0.9663887831932385
0.9251082855945229,0.9216368012837657,0.9090192989365892,0.9169054441260746,0.9238578680203046,0.9303667607078738,0.9312957817630715,0.9373351751852317,0.9348611284095155,0.9362515413070284,0.9360874848116646,
0.946421688295002,0.9528846153846153,0.9463024317059449,0.9477416946621874,0.9460817770056462,0.9522505136026894,0.9571730482347091,0.9544328875681031,0.9530188912211384,0.9551594399555912,0.9546485260770975,0.9554144017589935
0.9627129895994689,0.9645335389360061,0.9668022424975267,0.9694054054054054,0.9705183585313175,0.9695102173207915,0.9695010238172217,0.965735767991407,0.9695121951219512,0.9699447748513169,0.968073934047469,0.964963200995128
0.9305506839705366,0.9301985370950888,0.918722088629337,0.918260630246319,0.9228860864172007,0.9281664823008849,0.9287979046043562,0.9298984736514952,0.925619264472504,0.928996128318584,0.9308397051732452,0.9254410143329658
0.9653198653198654,0.9643209470568892,0.9672184887723324,0.9666505558240696,0.966501834423353,0.9720908230842006,0.9741013969549521,0.9714688822699483,0.9687108886107635,0.9690006169031462,0.9700106561120414,0.9713187463039622
0.9502827831119295,0.950252623396813,0.9640269480106776,0.9616397141782626,0.9585754915296154,0.9622618315918869,0.9637619682462731,0.9639885904444973,0.9622774133083412,0.9639766081871345,0.9655489205328434,0.9619263456090652
0.9484927131163905,0.948212329449258,0.9538054138877992,0.9535987600503729,0.9570575775081841,0.9606080887274118,0.9638142273720202,0.9644473783477933,0.959460707359867,0.9665233696149272,0.9621459694989106,0.964314606741573
0.9418198899476581,0.9420126950542185,0.9417843388960205,0.950665472229332,,,,,,,,
0.9565131318463772,0.9584756898817346,0.95935171022228,0.9646901848476959,0.9677807791193414,0.9694909741421369,0.9740145700533368,0.9746864162318088,0.9703869523504957,0.9697997211306884,0.9604144359765698,0.969702743902439
0.9551539491298527,0.9596139863837663,0.9630387433172728,0.9625252986877326,0.9631929620285917,0.9671262606919443,0.969141267231567,0.9656921054279096,0.9650597907324364,0.9670999938389502,0.9722836774827925,0.9683064121390113
0.8678024456844354,0.9515652687536916,0.9568819308545335,0.952950350922797,0.9541128927128145,0.9563567362428842,0.9567773614162036,0.956703820630114,0.9587913854066217,0.9593068035943517,0.9593397489006437,0.9500471846492607
0.9579782887825377,0.9542294322132098,0.955249569707401,0.9623115577889447,0.9652659150438446,0.9636918900576857,0.962867109260718,0.9622852041954921,0.9641390029976685,0.960858027421495,0.9642269285635905,0.9679395995185469
0.9553956834532374,0.9569560479476934,0.9530322116249775,0.9568153545406077,0.9585556741373177,0.9644444444444444,0.9646850044365572,,,,,
0.9592291303505713,0.9594169762789369,0.9725085910652921,0.9694663749643299,0.9561509224066005,0.968863615176657,0.9696471018467727,0.9579051739679105,0.9616724738675958,0.9716806352007058,,
0.9643990130419458,0.9570615623383342,0.9579535683576956,0.9637436030878653,0.9606305850615411,0.9644045242847638,0.9692042374969204,0.96545601291364,0.9735833998403831,0.9703040301673345,0.9753887022423627,0.9661368348306841
0.9562977274818291,0.9561785519869352,0.9597628884497934,0.9612920448478377,0.9593538758669125,0.9670569730863334,0.9660324906611067,0.9651936529602457,0.9644208932626798,0.9674850696748507,0.9693206119427538,0.9646448264677262
0.9590226520743191,0.9594508707258167,0.9629307127752208,0.9671886651752424,0.9688778673279603,0.9664769915883226,0.9653732809430255,0.9712777709586351,0.9741548260656541,0.9765910753474762,0.9760980344576559,0.9764008229456613
0.9415274463007159,0.9416412745958788,0.949934878874707,0.9560353798126952,0.9588265835929387,0.962374193548387,0.9631155985988049,0.9558943921408105,0.959901925729172,0.9570371871516871,0.9578076107802563,0.9550895192114263
,,0.9302807280419549,0.93579475444464,,,,,,,,
,,,,0.937023402576913,0.9386551317341723,0.9400502469028849,0.9397647464345728,0.9380220156765323,0.939386189258312,0.9382108300797827,0.9376509981774255
0.8758144883096972,0.8795389048991354,0.8711761352840586,0.8704545454545455,0.8756653992395437,0.8779414578151904,0.8836405529953917,,,,,
0.9200493384166853,0.9257535460992907,0.9507562834072558,0.9527603870233352,0.9564970467969105,0.9528842910154054,0.9573987324331772,0.9598516255727689,0.9603607495814657,0.9606566200215285,0.9633032423481651,0.9636498516320475
0.9594693408544865,0.9598916553807688,0.9392410173597093,0.9504891195847475,0.9534330724264342,0.9569615232050773,0.9583210168489507,0.9599610326351681,0.9631629701060752,0.9634799235181645,0.9642993145468393,0.964756039791568
0.9477047985843655,0.9474021808851828,0.9522688798051117,0.9499583324864327,0.9514780260745159,0.9524659898069746,0.9549694112927489,0.9533096226042285,0.9557991513437057,0.9513933391591417,0.9570305006713984,0.9530066646470766
0.9349858120514104,0.9320695102685624,0.9317196827213999,0.9292838456507522,0.9225943127189766,0.9199150118493095,0.9272118290989299,0.9301428336890494,0.927104638795713,,,
0.9515005557613931,0.9456113199204068,0.9337643107371159,0.941117370555097,0.94330505744658,0.9436861287786751,0.9457624696298413,0.9484602224123182,0.9501293729840854,0.951814019020782,0.9547903242843562,0.9543446244477173
0.9632863044664433,0.9609050330921964,0.9530231853311107,0.9623051558752997,0.9673937318543885,0.9676107372624417,0.9697302843740838,0.9666594656873335,0.968541741311358,0.9658411614005123,0.9692905047652665,0.9696059250978201
0.962382890129649,0.9637223225315975,0.957870293581025,0.9538709225815484,0.9535320669981441,0.9636978478489687,0.9685507862303443,0.9652638315715137,0.9666652170131339,0.9683930425752856,0.9699799866577719,0.9677975114325216
0.953812378620282,0.9568581279959634,0.943272497432251,0.9506548888212001,0.9519521791767555,0.9506656225528582,0.954704628501827,0.9491414909802217,0.9324009324009324,0.9358634512187237,0.9205302134544776,0.9464252146124444
,,,,,,,,,,0.9777165612044513,0.9764008649456739
0.9238990598713508,0.9259911894273127,0.920440402106271,0.9243858139757193,0.925056990881459,0.9272113310196042,0.9296454427325042,0.9304587155963303,0.931803638358168,0.9326513985697474,0.9355361483748987,0.9329519041659217
0.9506726457399103,,,,,,,,,,,
0.9456500864221241,0.9566563467492261,0.9620963063237284,0.9643893942326301,0.9673539518900344,0.9681783536585366,0.9713960977457852,0.9670828603859251,0.9639146041942188,0.9648033126293996,0.9696060037523452,0.966542750929368
0.9652915019762845,0.9632589813644334,0.9663956857694784,0.9671712129078638,0.9697378872120731,0.9685991286258193,0.9730373029498985,0.9700300856283268,0.9715641624248919,0.9673695725979856,0.9689487467265245,0.9704874049783873
0.9645437262357415,0.9705053541236145,0.9720305798993101,0.9747680890538033,0.9763713862120089,0.9753644583871564,0.9732731376975169,0.9711769415532426,0.9734254584108424,0.974074720670391,0.9728745991853713,0.969399931810433
0.9453494980109869,0.9450197702880814,0.9462969786293294,0.9446179279941219,0.9455263641374242,0.9419102248930165,0.9389513788098693,,,,,
0.9471031812202397,0.9430220837533217,0.9485218603286385,0.9515472611278141,0.9488268645288316,0.9490413355690019,0.9466935469223924,0.9529886561954625,0.9541417174695634,0.9514091699066526,0.9504684694294807,0.9528765283765637
0.9693746796514607,0.9697816150330116,0.9684459965078573,0.9702921068986948,0.9689157518194154,0.9699533971057149,0.9678127286027798,0.9666666666666667,0.9693061029499582,0.9703923900118906,0.9757568590350048,0.97105324343176
0.9229647453425207,0.9465121690167062,0.9451163857355808,0.9480911975749028,0.9520365923384791,0.9560116767013319,0.9567652999302593,0.9573666611160366,0.9603764372835956,0.9610119524751064,0.9630212222570796,0.9611815345733128
0.9489419180549302,0.9560774471136608,0.960489264343541,0.9636204634892873,0.965568211459873,0.9618136367554521,0.9647249743764947,0.9633245606587996,0.9703256525805629,0.9690164626424652,0.9697096128170895,0.9656049909702841
0.9106377985096521,0.9124592833876222,0.9149207823109512,0.9144452760665553,0.9624734768111549,0.9668734566042282,0.9574581385716822,0.9534422403733955,0.9566417481311098,0.9548223350253807,0.9602985899917058,0.9591692106410815
0.9585733882030179,0.9610778443113772,0.962508338892595,0.9662153279873801,0.9693291568780997,0.9696426284104009,0.9641738694726293,0.9625947558096185,0.9654196406596112,0.9653742989514752,0.9584182144997004,0.9558875844895055
0.9736284889316651,0.9743175116522401,0.9772748703441773,0.9779577995478523,0.9790314997649271,0.9799906059182715,0.9837984641318599,0.9839372431826672,0.982593316578237,0.9853159851301115,0.9837662337662337,0.9803957662218131
0.9567625133120341,0.956315826677034,0.9438718662952646,0.9458408554367449,0.9573702422145328,0.9570945712906118,0.9580236718965043,0.9585281980742778,0.9571771154504968,0.9578603955685449,0.960930611137489,0.9578163771712159
0.9189694753847462,0.9105759514988212,0.9431790148836444,0.9520553520553521,0.9560211526875962,0.9706457925636007,0.9723097552799196,0.9733847894071462,0.9720238095238095,0.9657853810264385,0.9718599421779633,0.9684908789386402
0.869898231315739,0.8729201680672269,0.8844148501790313,0.8864455958549223,0.8881529183277114,0.8912138100315876,0.9365509196575499,0.9419385401219311,0.9502970377604166,0.949716317724149,0.9519145497901188,0.9478131404926718
0.9674229203025014,0.9540517961570593,0.962116991643454,0.9723680574744404,0.9735334242837653,0.9777596962299973,0.9756033578174187,0.9644501278772378,0.970558882235529,0.9677340503544366,0.969741337237677,0.9730909090909091
,,,,,,,,,0.9204176233591821,0.9118954135565431,0.8976978844278628
0.9311462130417173,0.9364539393114709,0.930951101558302,0.9343515541264737,0.9429795208138134,0.9484480431848853,0.9479082321187584,,,,,
0.9497842291094547,0.9435598705501618,0.9436099796334012,0.9431160332242637,0.9471778221778222,0.9456129433727443,0.9509354478998885,0.9472030929080585,0.9466793620566532,0.9477147221243097,0.949744661095636,0.9517432463634264
0.9397983677388382,0.9396337974442114,0.9415608663181478,0.9454596048604026,0.9457200587803086,0.9448947991620367,0.9473213487165728,0.9509279086366881,0.9514391665195127,0.9524940617577197,0.957290390337826,0.9549094707520891
0.9508539423342405,0.9530151320499367,0.95572280135643,0.9601676143718776,0.9480474459393622,0.9526212295477312,0.9567362151496328,0.9572487533132665,0.9587748417651485,0.95962341998986,0.9634572964775625,0.9622252457049175
0.9571544058205336,0.9608536863729742,0.9668262273182678,0.9656081749258323,0.9653217011995638,0.9702808621815807,0.9698080655596291,0.9700043159257661,0.9694313809320222,0.9662324127149557,0.9711853978671042,0.974490318614896
0.8910386567746974,0.9425216316440049,0.9390630074699577,0.9460708469055374,0.9509955617085386,0.9638853020147984,0.965762524783844,0.9639132291052513,0.9665774316540926,0.9664028428363753,0.96918123275069,0.9651513947389335
0.9626033800791083,0.9641624002857483,0.9633489461358313,0.9570416811796122,0.9613515389956029,0.9643227068707562,0.9631754043822416,0.9649303175691113,0.9655485040797824,0.9643018018018018,0.9683237515499944,0.9658339867816735
0.9428529038871355,0.9459477597916834,0.9498041103400323,0.9475809676129548,0.9500239820933702,0.9536907891207553,0.9555326311217287,0.9491875368692014,0.9547206934141608,0.9549292064537372,0.9595147540983606,0.9532176643870282
0.9521299956082565,0.9513797634691196,0.9446457035212288,0.9460221114242359,0.9491381144924452,0.9525287437398603,0.9554166959208032,0.9595093734755035,0.9587961058549294,0.9564536980336124,0.960248783126014,0.9563459983831851
0.9286061194754736,0.9312688088535094,0.9317325800376648,0.9358130043595214,0.9502086230876217,0.9492680232022834,0.9497625137011326,0.9513724777313216,0.9479204015776264,0.9440140845070423,0.9450655021834061,0.9367219026358719
0.9737233798946645,0.9674111843928394,0.9691494050242397,0.9729967552109113,0.9730551933941765,0.977637335926106,0.9782724749092462,0.9771181525807983,0.9775310323155083,0.9772893390414534,0.9791709952212757,0.9702519477891328
0.9290780141843972,0.9238872794311298,0.9433155080213904,0.9475597092419522,0.9435233160621762,0.9522450038930703,0.9537301793605407,,,,,
0.9593511365865077,0.9596353513567738,0.9612722274505919,0.9627237588412779,0.9698375870069605,0.9710647936722503,0.9717695675938662,0.97105242943328,0.9687157065965267,0.9693631590699592,0.9715898876404494,0.96949741947948
0.9326035629963512,0.9371021685187183,0.9352260778128286,0.9387647554806071,0.9392695505736238,0.9395598610087396,,,,,,
0.9412229414630751,0.9455318266639021,0.9477890341570265,0.948872926786983,0.949590579955336,0.9518692045887682,0.9524302588590098,0.9530305957273896,0.953648315475679,0.9533596111495833,0.9558462396415258,0.9555005700072546
0.8728866624921728,0.9303360783440908,,,,,,,,,,
0.955311433447099,0.959765832889835,0.9553552714315657,0.9599372384937238,0.9670260651104365,0.9645611840733792,0.9674433118369045,0.9653455073666736,0.9677352422450461,0.9666252072968491,0.9622066443157574,0.9598814229249012
0.9492009517352842,0.9506040028051502,0.9530210142510438,0.9543480291957496,0.9554296759887048,0.9577687143465209,0.9620722402624641,0.962986130177934,0.9642459435405734,0.9640442958665574,0.9654388509584644,0.9635226569790553
0.9616237585575161,0.9643167132799692,0.9648705255140899,0.9650601268819241,0.963593603010348,0.9604922279792746,0.9596892138939671,,,,,
0.965448699210757,0.9661945561578364,0.9694488006040541,0.968208929295269,0.9707021092169893,0.9734355191886597,0.9728613230822193,0.9723356009070295,0.9710920770877944,0.9653722756942139,0.9736754966887418,0.9676097880707887
0.9450390757730207,0.9481813652217239,0.946907722513089,0.950948597373115,0.9573528230664203,0.9590378661586092,0.9648348182606639,0.9665987141289007,0.9659675504550851,0.9722507708119219,0.9712263784120072,0.9710524289783663
0.9564051918735892,0.9529101264064453,0.9541182974018795,0.962588749317313,0.9609729284045623,0.9631843499524522,0.9626370651143902,0.9655777537796977,0.9618791946308725,0.9596795727636849,0.965034965034965,0.9598961713173264
0.9539829179013422,0.9586098498078938,0.9658732936646832,0.9603501544799176,0.965493795682475,0.9654763919444914,0.9654066824164698,,,,,
0.9424636123864414,0.9526819745282142,0.9483148097948857,0.9545864933188877,0.9547495061950081,0.9577540586599695,0.9628538262344852,0.9681455190771961,0.9700026546323334,0.9668188202247191,0.9707971586424625,0.9638512339242267
0.9068504594820385,,,,,,,,,,,
,0.9417798037855515,0.941819772528434,0.9440153514032142,0.947979918718623,0.9497368296268197,0.9495181061102274,0.9496226327730704,0.947700754975978,0.9527106525477419,0.9576783555018138,0.9543520652366602
0.9272559321055366,0.934922458357266,0.9366309550945977,0.9370052024428862,0.9392044173991436,0.9367300295445677,0.9394862141512568,0.9395649553449126,0.9365062254082898,0.9460634358396394,0.9483197286123185,0.9492031872509961
0.9632072554879934,0.9653799019607843,0.9766331403027533,0.9732224363525712,0.970119119725419,0.9733962453568918,0.9704840613931524,0.9689048683315519,0.971147351153141,0.9710256164252135,0.9737093690248566,0.970173279045545
,,,,0.9489916963226572,0.9476551487675721,0.9504593424948751,0.9502414365474574,0.9498107125454477,0.9510336109458656,0.9513629470725302,0.9471185212033345
0.945275868713469,0.9429010369991039,0.9497471752294151,0.9560075093867334,0.953392990305742,0.9530061349693252,0.9576622742801366,0.9553587565515995,0.9481696687972109,0.9582947709393799,0.9535480193787403,0.9510371577941424
0.9643368942157373,0.9588631023272283,0.9556464396677445,0.9590774279043353,0.9605560436801808,0.9631197286109987,0.9655656633494109,0.9671730873575691,0.9665958910254493,0.9674722016308377,0.9694701306326141,0.9692548655625489
0.934640522875817,,,,,,,,,,,
0.9665629860031104,0.9682785299806577,0.9722115013508298,,,,,,,,,
0.9634074365532166,0.968559638435842,0.9595488136911707,0.9639214204760106,0.9700226244343891,0.9711592836946277,0.9594021037091714,0.9627249357326478,0.9613906678865508,0.9544792425345958,,
0.9472240365774004,0.9275735294117647,0.950110864745011,0.9555423043795137,,,,,,,,
0.9457811345785657,0.9479672182632559,0.9491196553136078,0.9511830306407503,0.9523949927016333,0.9537090572692318,0.9549281340103135,0.9537799200463416,0.9543586707180008,0.9546685753582306,0.953927418906137,0.9508573041209794
0.9481162401954482,0.943982117933488,0.9486349723284311,0.9552729686941422,0.9568261964735516,0.9580207375777164,0.960404572741862,0.9575972039430678,0.9578856971102238,0.9573081515615277,0.9559994366337208,0.9532331010878866
0.964673334752075,0.9672538860103627,0.9660284126003706,0.9603078169299312,0.971492114840275,0.9696908871938981,0.969642500499301,,,,,
0.911191449229802,0.9085292344786016,0.9052508066881784,0.9062865497076024,0.9133893062306673,0.9172434103961125,0.9143573113207547,0.9165811464594634,0.9171399446628804,0.9219476744186047,0.9234790184405401,0.9213580963435868
0.9540347293156282,0.9515347334410339,0.954130262112788,0.9568778369844089,0.9604408580987994,0.9588033349681216,0.9539505574406204,0.9540826128722383,0.9518910164808994,0.9475924699649986,0.9555975436939065,0.9534033377086067
0.9474711970318297,0.9450883526505796,0.9428033866415805,0.9441414331389881,0.935531405415362,0.9478733031674208,0.9579672695951765,0.9549457994579946,0.9655867047171395,,,
0.951259606873393,0.9537120948065528,0.9579855160594837,0.9570258090946333,0.9596465510220702,0.9601280440860651,0.9575645756457565,0.9562360345351897,0.9580564132084358,0.9529151176798228,0.9558833017200222,0.9575769230769231
0.9459090909090909,0.9465954606141522,0.9518551236749117,0.9573813708260105,0.9583516001753617,0.9567474048442907,0.9579974543911752,,,,,
0.9582858212638494,0.9595757318625371,0.9598743540378964,0.9655265465830128,0.9636509824285164,0.9687775651160856,0.9689056778067369,0.9663995213427595,0.9674585248072279,0.9677983255129267,0.970868772782503,0.9668011821359457
0.950884396715098,0.9361669479822003,0.948967756900951,0.9569702101454853,0.9625393413679282,0.9592649310872894,0.9632628121897197,0.9634109691960931,0.9654451824763042,0.9649317912218268,0.9698733058338244,0.9664282586483725
0.953396388650043,0.9561890921525047,0.955294217542668,0.9601048093990364,0.9623700972175662,0.9642931198938332,0.9662773482480671,0.9668747195365724,0.96590084643289,0.9644119632998371,0.9646989374262102,0.9629314347624207
0.9606141159876309,0.9631689798563482,0.9642818661782135,0.966652415562206,0.9667249509881842,0.9648683867604899,0.9652133340245735,0.969305912596401,0.9678066392538361,0.9633892731053828,0.9639124059972568,0.950122952721199
0.9507986309184255,0.9560096494962396,0.9617455369793143,0.9608425219112242,0.9604543542280185,0.9559068219633944,0.9610927152317881,0.9592506495282374,0.9506106562877467,0.9543518764972052,0.9602499335283169,0.9581456953642384
0.9476285747911027,0.9481889579181807,0.9483078349559574,0.9543818920487521,0.9570366929865304,0.9599450675211719,0.956078431372549,,,,,
0.9668587896253602,,,,,,,,,,,
0.9507529507529507,0.9496617050067659,0.9536700336700337,0.9549284472381971,0.9516792778441524,0.9519904774500727,0.9397716835061015,0.947423626589747,0.9367786611951783,0.9334934884309015,0.9486034944522382,0.9442439327940262
0.9477656405163853,0.9383775351014041,0.9552652414885194,0.9505813953488372,0.9412213740458015,0.9495256166982923,0.9555261165783497,0.9596361569073337,0.9613061532653832,0.9707335613835044,0.951914185315332,0.9668922626669105
0.9671852069269151,0.96902186691747,0.9658426445898223,0.9696446057254766,0.9744515094231541,0.9727059898361218,0.975686679282069,0.9716016227644134,0.9713277961087723,0.9738172317828137,0.9734223026464601,0.9696901912537748
0.9570249340481661,0.9556420892237366,0.95002857842737,0.9547926304683061,0.953035143769968,0.9560386859563584,0.9564525117426956,0.9586080877095416,0.9531200506810263,0.9495201685261762,0.9544497309102254,0.9552981419575527
0.9600108078897596,0.9521108179419525,0.9559051057246003,0.9617065021845284,0.961681404587979,0.9647887323943662,0.9654510556621881,0.9591784989858012,0.965042907622413,0.9595858800049893,0.9618255230637465,0.9638804148871263
0.9475446428571429,0.9516971941752499,0.9533385566292331,0.9517593152935074,0.9524752475247524,0.9536344086021505,0.9535669961912099,0.9483256841747407,0.9606001360081605,0.9530020616821644,0.959363883657669,0.9629737609329446
0.976496027828703,0.9772484064579166,0.975044400929004,0.9765934461649262,0.981309667876832,0.9794662093831069,0.9766540317022743,0.9812481312203665,0.9767490486346339,0.9784770244281681,,
0.9387750591251686,0.9378281780876319,0.9359971789390166,0.9424383980163387,0.9450991664271342,0.9462066244328021,0.9465885746754665,0.9482043897543309,0.9480163563598399,0.9494802313948937,0.9491906377644745,0.9461634462279984
0.9490616621983914,0.9483188044831881,0.9482970236268794,0.951357121073498,0.9571514785757392,0.9597295266716754,0.9540756054341406,0.9573126008508142,0.9623961521644075,0.9605776173285199,0.963757816941444,0.964200140944327
0.9592374771851552,0.9576981322564362,0.9608933002481389,0.9540511413735672,0.9623766246457539,0.9643063862627822,0.9583966565349544,0.9669945148477398,0.9667749419953596,0.9668159795228083,0.968817591925018,0.9661062662950642
0.9574690970039808,0.9642036353506511,0.9674344165332962,0.9697516303593728,0.9725320115654689,0.9732063318029192,0.9750768180266303,0.9741414415637302,0.9727987104573846,0.9728591483387927,0.9733901011176157,0.9739061151317974
0.9646255326600899,0.9606751348529667,0.9637080410458577,0.96415770609319,0.9655590869690841,0.9674857570351614,0.9709902370990237,0.9730273077567432,0.9714476540323927,0.9698345048984336,0.9712913377132446,
0.9636368375778745,0.9625472039728933,0.9627354627354627,0.9691793064705582,0.9716294059431065,0.9734652062833582,0.9739685411327202,0.9723455442843324,0.9741345493772678,0.9729755955557712,0.9732123671958935,0.9734983584099015
0.9337936987483815,0.9606741573033708,0.9649700858406313,0.9683848797250859,0.9699786780383796,0.9700219557507178,0.975372704060621,0.9787129523497625,0.9775864869254507,0.9798086279597794,0.9750257670657259,0.9772888015717093
0.9493684522366755,0.9524729106319064,0.9524518272425249,0.9561482581260936,0.9539959881756757,0.9569747810488551,0.9559328250674631,0.9606754749433195,0.9624557504974032,0.9637560085340462,0.9651580368285664,0.9659185790552337
,,,,,,,0.9378728293049358,0.9396737457679286,0.9437013724975959,0.9434701248966447,0.9498093192477973
0.9673134328358209,0.9737822136153732,0.9766681527715857,0.9732181425485961,0.9761121441853812,0.9783408833522084,0.9750105292713744,0.9782122905027933,0.9747432694976409,0.9774539455595271,0.9829234972677595,0.979401002845914
0.9625873337840883,0.9656484278840775,0.9681440443213296,0.9659871421506676,0.967944860784421,0.9687772449869224,0.9684176429304109,0.9702542779465856,0.9676965560360549,0.9718448106628094,0.9747817652764307,0.9704468397348313
0.9574515482290042,0.9546000218269126,0.9590190383994837,0.9593573784445154,0.9635028729516919,0.9710160314258414,0.9729366800950315,0.9707147245545771,0.9740075134531424,0.972016627800872,0.9732732732732733,0.9668115369419202
0.940801308258381,0.9410621761658031,0.9373509301955796,0.9439415594727648,0.9451822112415071,0.9594948405975666,0.9586016559337627,0.956152328933394,0.9586555621653777,0.9579024034959942,0.9600287562904385,0.9598862019914651
0.9488404345481162,0.9426058024349053,0.9449676641994738,0.947064437972639,0.9510006565668847,0.9508381766655459,0.9544847646750274,0.9525328418864002,0.953814790514575,0.9544894018008795,0.9538918844186368,0.9549268650557109
,,,,,,,0.9652389323957168,0.9709156288834245,0.9704473470669843,0.97262117330435,0.9713011838261671
0.9424941947821336,0.9497099965881951,0.9456389452332657,0.9512849761792928,0.959375840731773,0.9623221324069744,0.9618705991762987,0.9613807697394524,0.9626586023272632,0.961712153936776,0.960328317373461,0.9580632616022816
0.9589225925740843,0.955410225921522,0.9554903399364147,0.9567249184637102,0.9580130388245597,0.9576542491268918,0.9577069940548117,0.9570865005292023,0.956373910544967,0.9601200686106347,0.9633628819313467,0.9608894275592019
0.9659779200137463,0.964911530900077,0.9540679711637488,0.9539745530417707,0.9581700946784198,0.9594879274023659,0.9601882012305465,0.9579671531395395,0.9576002536059598,0.9575227486664575,0.9577700728505201,0.9572065955383123
0.9263080774162037,0.9622486404451751,0.9651848563637516,0.9650490319336184,0.9678792811971698,0.9692182817182817,,,,,,
0.973018386273306,0.970785226765325,0.9707291112293773,0.970210389126792,0.9702680196157049,0.972640931372549,0.9727602720922429,0.9774309797214757,0.972888835156864,0.967999762300927,0.972633375511285,0.9726769589280513
0.9602265879233458,0.9610644757992499,0.9600373919139986,0.9599559573481687,0.9603006138488899,0.9696796338672768,0.9705848949460534,0.9723856948845632,0.9704019283592129,0.9689468695991525,0.9727086901276173,0.9716443044163181
0.970744821042644,0.972853040981467,0.9696359411309062,0.9768530425389641,0.9786613447958243,0.9775343295638126,0.9753394568690096,0.9794287405653397,0.9782534162707548,0.9761616943087859,0.9773402318673948,0.974925767073573
0.9661221357307312,0.9666957851059184,0.9620266898123033,0.9651156521270287,0.9710090361445783,0.9741425365957902,0.9694701072528407,0.9709653491575713,0.9726273515113084,0.9728152276790409,0.9732704402515723,0.9724487662066081
0.8897715988083416,0.9228882416066228,0.9241395100358697,0.9277482941622441,0.9252561784207354,0.925167004428432,0.928347280334728,0.9241124260355029,0.925590638109958,0.9292113379350859,0.9322717933665982,0.9350868195472196
0.9769051435232405,0.9728656996463881,0.9727233676975945,0.9760102813080108,0.9786858635048346,0.9752077659054403,0.9822225320691579,0.9809417820129374,0.979801485389047,0.9794378288562725,0.9747701665860233,0.9712378724282668
0.9509505703422053,0.9478922166932683,0.9501114827201784,0.9513613290263037,0.9572178002894356,0.9572474116387004,0.9625464848592172,0.9588194323524291,0.9629882312809142,0.9604035308953341,0.9598089276890134,0.9608983680723865
0.9278004317582154,0.943888543112941,0.945607290331767,0.9510615159109178,0.9574567773977416,0.9601114464824704,0.9591173373620839,0.9604018645064941,0.9608295954167962,0.9594908931314461,0.9611722571628232,0.9588688946015425
0.9616383616383616,0.9608308605341246,0.9553277895958229,0.9584215591915303,0.9626651349798966,0.9537440758293839,0.9588113597893549,0.9611214953271028,0.9553951508421248,0.9573181901447152,0.9611403668058834,0.9605786618444846
0.9610400296210968,0.9624197611115626,0.9650707377507793,0.9659095366992272,0.9653676299682343,0.9611650485436893,0.9714383379543469,0.9652746594821134,0.9670624139342737,0.9680471194551813,0.9716932578486875,0.9704853519895059
0.925672509138626,0.9316407163229999,0.9343065693430657,0.9322894977929541,0.927233279092085,0.9312062973663275,0.9358266398929049,0.9476751552008108,0.95078036262673,0.9469440614947571,0.9487040586715559,0.9440559440559441
0.9677856900644286,0.9673100524377999,0.9618755477651183,0.9655662439877569,0.9670281995661605,0.9673054021868572,0.9704014637821547,0.9697711548696115,0.9679087934128576,0.9694004995836802,0.968924798011187,0.966540854840355
0.961019767227046,0.9531422271223815,0.9569675883537814,0.9567131327953045,0.9686693697014376,0.9646565858990709,0.9608979000724113,,,,,
0.9586681974741676,0.9568690095846646,0.9615736505032022,0.961547212741752,0.9627552165133498,0.9558083570334719,0.9662676822633297,,,,,
0.9598645635477744,0.9459112430784046,0.9625273744829265,0.9709462749553643,0.97775612924176,0.976566934241466,0.9751827162476909,0.9761315558393869,0.9729344729344729,0.9735926628716003,0.9775745526838966,0.9786032453070315
,,,0.9428325811304534,0.9528524280999529,0.9534004502782379,0.9609656752513895,0.9600201790894186,0.9612250867003719,0.9635816906114266,0.9642931113044199,0.9624539877300613
0.9620788121073672,0.956054794520548,0.9619172685489166,0.9658610599328059,0.9665475803832413,0.9679341349799588,0.9673749731702082,0.9679229303408851,0.966530269646417,0.9696722148473399,0.967427701674277,0.9699232943076302
,,,,,,,,,,0.9711932063766494,0.968496036921842
0.9452439452439453,0.9582254445019851,0.9575439783491204,0.9641601071847262,0.9628580946035976,0.9649324991768192,0.9670257917074764,0.9552380952380952,0.9647040449789162,0.9679616158489398,,
0.9505411316099366,0.9503882898485949,0.9512493739217541,0.9607196736883277,0.9616693633878257,0.9603614591418117,0.9622683142100618,0.9647720381498429,0.9663763642376805,0.9647421771705598,0.9632713836651409,0.9644963889960858
0.9621953996811661,0.9627707581227437,0.9661662558816939,0.9647008179078778,0.9659383033419023,0.9679257227263136,0.9648397104446742,0.9583762621059139,0.9546568627450981,0.9671227282009394,0.9649051214037951,0.967853509664293
0.9723261032161555,0.9678826696370556,0.9720215781292859,0.9749074826247857,0.9711376715360779,0.9755127298444131,0.9720066277143107,0.9751880349269474,0.9739914163090129,0.9730739828420963,,
0.9607630711257654,0.9635376260667183,0.9654752233956133,0.9670114993562137,0.9685729230232761,0.9711459901096539,0.9741565881604074,0.9717250651205781,0.9668027547527733,0.9657700721056469,0.9747059771226035,0.9753066559420873
0.9187286260309797,0.9027320286766131,0.9084397986837012,0.9138765240952197,0.9158463617062343,0.9122807017543859,0.9200986904535965,0.9196969696969697,0.9083333333333333,0.9169270354714207,0.9269054178145087,0.9293150684931507
0.9690951967233462,0.9741213288396726,0.9760965698577746,0.9753922967189729,0.9763473758531419,0.9775241644346104,0.9799164151381472,,,,,
0.9515330188679245,0.9618445692883895,0.9486530048353673,0.9636894337419731,0.9548932282745233,0.9655329833371377,0.9618028169014085,,,,,
0.9489931164222498,0.9509292434052005,0.9488439524024702,0.9458097858417609,0.9452299751129136,0.9519656267787958,0.9556522453000574,0.9583360437130033,0.9562932315212703,0.9573779849681286,0.9587110083140589,0.9576402201471771
0.9715695488721805,0.9732833372392782,0.9743352601156069,0.9760423865468786,0.9770220588235294,0.9749597978405697,,,,,,
0.9472496316054541,0.9498345588235294,0.9494221223868701,0.9539026995708931,0.9497669326929868,0.9577910780151716,0.9612596635617005,0.9579610073111292,0.9552747693541918,0.9533846509630315,0.9588182777371966,0.958321352119876
0.9614799797263052,0.9656337076754201,0.9709023631317804,0.9709817695266767,0.9690412782956058,0.9734835929731521,0.9772239643505529,0.9764045870802739,0.9754930274775147,0.9757654091606753,0.9766067864271457,0.9655905511811024
0.9393922544413245,0.9461915913906547,0.9526468555632343,0.9534672786741061,0.956728391669872,0.9588135221161234,0.9601710479427648,0.9550855061036948,0.9592355998267649,0.9597889324854553,0.959491425192194,0.958981162111966
0.9524459895703998,0.9550634670619846,0.9581005586592178,0.9623675669055055,0.9659899252022592,0.9640370877032983,0.9743949705496383,0.9765603623871341,0.9730118316609255,0.9747732258255766,0.97512380180128,0.9706486393975697
0.8657165479018211,0.8686868686868687,,,,,,,,,,
0.9559451119427483,0.9583088667058133,0.9490335051546391,0.9453698385346864,0.9549561012851507,0.9596441054972991,0.963099396633852,0.9616599292572006,0.9616058029014507,0.9578510862165006,0.9613818630475015,0.9615007356547327
0.9663727025467732,0.96045106725735,0.9700540802324643,0.9745967741935484,0.9777062374245473,0.9811924769907964,0.9810081506686713,0.9754358775668346,0.9771524955915051,0.9789099705193136,0.9775196702884975,0.9769010779496957
0.9566719829877725,,,,,,,,,,,
0.9383814518896133,0.9405110227458426,0.9397903446368483,0.9431508995582458,0.9459260092293089,0.9471387619356589,0.9490271131171111,0.9503579484900637,0.9516175916253932,0.9507935827601436,0.9534282568671533,0.9517714222777003
0.9636194029850746,0.9575867543660694,0.9708976942019252,0.9626749611197511,0.9649625385632438,0.971756398940865,0.9645189377448846,,,,,
0.9744862182426236,0.9726319152334807,0.9725693708959966,0.9737691266784636,0.9713226587035988,0.9721458396985436,0.9777562862669246,0.9759389374715665,0.9746376811594203,0.9748703629836458,0.9767130753604518,0.9727854330708662
0.9699076476081768,0.9679892261473118,0.9643222244939685,0.9640664318067438,0.9637896825396826,0.9605224393597172,0.9746243407304209,0.9680923950278947,0.9674733785091966,0.967822495437518,0.9720997123681687,0.9751191611058151
0.9435053380782918,0.9481350695210771,0.9527576356844649,0.9573669096531919,0.9643410852713178,0.9611307420494699,,,,,,
0.9509671933678169,0.949807220469681,0.9501944984717977,0.9520628142434052,0.9522702407002188,0.958451752605224,0.9573612228479486,0.9569247182769888,0.9543587705352411,0.9577975601714475,0.9589023195034303,0.9572704907419397
0.9540754257907542,0.9543218552354181,0.9572411043556265,0.96,0.9559841740850643,0.9560428754056446,0.9606229797237732,0.9610351846466996,0.9592660197905658,0.9599160145065853,0.9718806596130016,0.9728984404716622
0.9548447789275635,0.9519356648587993,0.9520879940343028,0.9565298160876834,0.9540816326530612,0.9536735432500905,0.9548468016484501,0.962190812720848,0.9601114788364397,0.9551216169921206,0.9620383036935705,0.9615580881102228
0.9526574363555158,0.9558562555456965,0.9346461804804155,0.9340777324457805,0.9337349397590361,0.9358115409552626,0.9131640708342224,0.9116645381013198,0.9172178365692341,,,
0.9577010009686794,0.9477144978258564,0.9522299725216656,0.9552490260082132,0.9602468877497646,0.9567837107832953,0.9586079077429983,0.9624987157094421,0.9606701399530084,0.9593429990874988,0.9639883639281773,0.9620542366146816
0.8930375576542938,0.8984528219655699,0.9105066900636104,,,,,,,,,
0.952129902994517,0.9601301017731613,0.9618440309429228,0.9591243904969395,0.9599793708096958,0.9600984716381167,0.962970498474059,0.9627023223082336,0.9627286208601088,0.9673753306554326,0.9702206600273384,0.9644405897658282
0.9553501945525292,0.9572732569430957,0.961075859456388,0.961222756863855,0.9635883407225734,0.9594023118127996,0.9577636261472185,0.9598205942814427,0.9614959469417833,0.9604195166438668,0.9614863032275562,0.9606641804297638
,,,,,,,,,,0.9685658914728682,0.966938336152545
0.9508648611398249,0.9631371464139982,0.9499493414387031,0.9589788495217567,0.9613067345026108,0.9635280733453792,0.9587594634081551,0.9604680372843261,0.9635190306861583,0.9599064266683995,0.9384037558685446,0.9601993148551853
0.8937772225411081,0.9053346587143803,0.9094737877124268,0.9171878085708643,0.9194887445035111,0.913962755143531,0.9163586474053749,0.9190420787279426,0.9247004026975887,0.9242031222648356,0.9315391058362438,0.92640800223665
0.9645027960126429,0.9670356111645814,0.9686394718226833,0.9673248707099201,0.964110929853181,0.9671339921857044,0.9727024567788899,,,,,
0.965755793842961,0.965483797352807,0.9598874420657691,0.9622196633218183,0.9614715791761765,0.9613586284731552,0.963513369553638,0.9629688241810413,0.9645026178010471,0.9662693248659622,0.9659049878784752,0.9657653952914568
0.9608148591971241,0.9599282296650717,0.9643410852713178,0.9651865008880994,0.9571711985062434,0.9582072176949942,0.9632001863281705,0.9628036731372777,0.9621045312318924,0.9622685185185185,0.9612769390342284,0.962344541685859
,,,,,0.9701942801979003,0.9676176250933533,0.9668934373350536,0.965174849467346,0.9650666284567989,0.9689600632661131,0.9685944404049444
0.963765541740675,0.9661256175017643,0.9663865546218487,0.9628424657534247,0.9641086993676294,0.9668319370832621,,,,,,
0.9584729981378026,0.962004097597318,0.9659951949732027,0.9648538660747318,0.96875,0.9707786203070095,,,,,,
0.9444676700111483,0.9522674656135095,0.9523872591219125,0.9551605200318387,0.9540093562627661,0.9543800363919938,0.9585525471577057,0.9617447949929748,0.9605072235190208,0.9602011672668571,0.9671718721237037,0.963758389261745
0.9440556343019135,0.94573200228682,0.9461780827830291,0.9491915855354659,0.9511824030603373,0.9533819657271119,0.9516467514668723,0.9538500764915859,0.9539754254106321,0.9529406843470258,0.9530736938359865,0.953103279090686
0.9547851305035592,,,,,,,,,,,
0.9656706045865184,0.9622304628485098,0.9642905087931266,0.967669569807337,0.9699307098967185,0.9699754108968551,0.9756253190403267,0.9766586325003171,0.9743168016194332,0.9726113056528264,0.9761549925484352,0.9743112434847356
0.9564874551971326,0.954954954954955,0.955638236977676,0.952936988252047,0.956735566642908,0.9596637468211359,0.960430648769575,0.964088590791588,0.9621644178606203,0.9638520779851523,0.9623824451410659,0.9635473340587595
,,,,,,0.959821587867975,0.9659471397022156,0.9660950757979195,0.9673936207998863,0.968000565111433,0.9629901703571554
0.9561443581544085,0.9544737435203967,0.9550287992910944,0.9592108180004434,0.968018018018018,0.9688473520249221,0.9693224453762966,0.9676077916393084,0.9665009725524097,0.9738085015027909,,
0.9666130329847143,0.9683544303797469,0.9637285491419657,,,,,,,,,
0.9495798319327731,0.9547179357450037,0.9591734502191609,0.9635504136343845,0.9631422189128817,0.9606497088568802,0.9687270501835985,0.9687938075211799,0.9693957941942912,0.9695712309820194,0.9714491362763915,0.9708633736519097
,,,,,,,0.9610699924238009,0.9612321999418774,0.9615916955017301,0.963177304964539,0.9602845619538427
,0.9571033210332104,0.9565734137867983,0.9543917375011425,0.9553579529988204,0.9568818075434332,0.9568980903087632,,,,,
0.9474871794871795,0.9495182521373321,0.9533248510011384,0.959789057350033,0.9644656763300831,0.9666558336041599,0.970048309178744,0.9724677306542888,0.9686498712068857,0.9702797202797203,0.9741390028596295,0.9723899913718723
0.9579439252336449,0.9581113356604813,0.960605507933613,0.9651289502361061,0.9644651830581479,0.957473089818246,0.9581151832460733,0.9682539682539683,0.964808362369338,0.9649061848505907,0.9658874458874459,0.9667183997240903
0.9341196777905638,0.9363714531384351,0.9360432063672541,0.940744920993228,0.9457865168539326,0.9458321639068201,0.9435996682333425,0.9600447052249231,0.959621275410749,0.9550040905372239,0.9652173913043478,0.9646643109540636
0.9600580973129993,0.9575317604355716,0.9439285714285715,0.9546925566343042,,,,,,,,
0.9449248370360516,0.945927992560117,0.9430689792135575,0.9423428124184712,,,,,,,,
0.9363017934446506,0.9528067560854446,0.9622946739671479,0.9606060606060606,0.9648432844714575,0.9669800235017626,0.9695072463768116,0.9667352537722909,0.9654900191722116,0.9721723518850988,0.9699589845915088,0.9660050444127646
0.9442873537092058,0.9470832016654456,0.9479581145579182,0.9503509768891892,0.9522152119469364,0.9538087720581022,0.9556994304600035,0.9557824835391621,0.9563851579350986,0.9559703205904951,0.9576218246540337,0.9571598535868958
0.949249704940145,0.9564931866688557,0.9530234070221066,,,,,,,,,
0.9619722382880278,0.9649549420683736,0.9655172413793104,0.9669851081764541,0.9672016748080949,0.9680939226519337,0.9698786970151289,0.9672308733920109,0.9635242054445488,0.9644279267321476,0.9677164316774278,0.9665621734587252
0.9476883004124159,0.9545552910625406,0.9532289208324394,0.9570815450643777,0.9490179690764731,0.9522731948158815,0.953858717844018,,,,,
0.9665416786847418,,,,,,,,,,,
0.9738745219794782,0.9705783014973542,0.969742869809369,0.9671356382011852,0.9690636353825677,0.9720117243351444,0.9688717318827864,0.9754092650644375,0.9756968520316184,0.9717099677364578,0.9704201010369583,0.9712700288941424
0.9599845350860235,0.9647792706333973,0.9611210720015099,0.9569872451354623,0.9652976465159206,0.9628363178259696,0.9646840148698885,0.9735938737787166,0.9690380935814924,0.9704974271012007,0.9731109598366235,0.9698071718538566
0.9637863264385592,0.9622352640979842,0.9699486464210993,0.9741866599673408,0.9708015622094105,0.9757709251101322,0.9702441658167856,0.9721459854014598,0.9716529068760464,0.9734278632774224,0.9703712048667831,0.9723882248782647
0.9578355492030959,0.9560495569669881,0.9572545567522783,0.9576120389435421,0.9567172992599852,0.9595652173913043,0.9617605979389227,0.9646512204187833,0.9672038865841869,0.9652319690950837,0.9665103256837924,0.9635903978829978
,,,0.9647849393418656,0.967146841337666,0.9694325372525006,0.972933298995622,0.9702838405574342,0.9666539196940727,0.9645544604626416,0.9653816287167155,0.9627316780736374
,,,,,,,0.9490071095856828,0.9461948618516723,0.952972450459159,0.9522848493585123,0.9509181969949917
0.7974652693151353,0.79931640625,0.7979846449136276,0.7941720629047179,0.7964113181504486,0.7911029580371475,0.7899408284023669,0.7909090909090909,0.7923766816143498,0.802547770700637,0.8040452370595911,0.7983530405405406
0.956747694727242,0.958298466748809,0.9576865390783309,0.9599858747710168,0.9606958780516947,0.9623986684729456,0.963871581629636,0.9639455125451013,0.9646847172261183,0.9650772172940336,0.9665325219380736,0.9651167724994356
0.9444795898911945,0.9456828427913813,0.9468609726929222,0.9496556185547396,0.9508727830449183,0.9519158176865774,0.9517224743919608,0.950529908200216,0.9511117701575533,0.9497793793204883,0.9509342757066529,0.9523440418378782
0.9200368951326806,0.9205857504928189,0.9205015155690273,0.9221046847094381,0.9283407763655102,0.9315105946684894,0.9332377636698751,0.9320467518347377,0.9316325841938314,0.932076741837765,0.9340431230748627,0.9422484255661262
0.9651367343675036,0.962964919695689,0.9564498630986207,0.9516749602421382,0.9500587244038197,0.9548502687484003,0.9531486909936319,0.9491457688080728,0.9486937518625211,0.949301730920535,0.9508244706800664,0.9576487593351
0.8194909317350354,0.8349972912313288,0.8913115023860457,0.8971637087410848,0.8992418684274884,0.9012917377528638,0.9035434659778836,0.9210178789110118,0.9220270948319117,0.9282306163021868,0.9221239797901283,0.9245555716143952
0.9505212385249727,0.9472638336900031,0.9416047764671618,0.944669170759896,0.9478536444828579,0.9389323644494131,0.9529163738580464,,,,,
0.9615832363213038,0.9585486976791324,0.9639712579698411,0.9662230288364589,0.9670560047918538,0.9658094098883573,0.9622939492646333,0.9738317757009346,0.9719980554205153,0.971866028708134,0.9693169943953643,0.9645802098950524
0.9289859348873808,0.9304616573305002,0.9488636363636364,0.948103215867514,0.9518614221456598,0.9553665296760011,0.9592875318066157,0.9568703345313796,0.9635849228803505,0.9621394767389946,0.9631988676574664,0.9617734334089719
0.9517241379310345,0.952215464813206,0.9558674576761684,0.9536089900590693,0.9558082625593781,0.9572846253415792,0.957159286946521,,,,,
0.9502138057422114,0.9556443556443557,0.9510176258642516,0.9487748408257766,0.9552943443491666,0.9659623290945597,0.9684009546539379,0.9667009634271817,0.9633584975142699,0.9648629017613946,0.9699295647462525,0.9651736827932861
0.9568928106466078,0.9588763394150015,0.9653979238754326,0.9668610439482292,0.9597956165120344,0.9620915032679739,0.9611801242236024,0.9562396641648645,0.952165725047081,0.9529616724738676,0.9566062963413152,0.9544794188861986
0.9520757871273335,0.9468104385646974,0.9520165646380987,0.9554593814804797,0.9539273573089998,0.9568575233022637,0.9519188740274499,0.9493386357741852,0.9542129271021602,0.9607218683651805,0.9643007730147576,0.9583594894329358
0.95085682697623,0.9538538150832734,0.9538121546961326,0.9540657297533767,0.9545009784735812,0.9575127842454575,0.9617016646719617,0.95937601559961,0.9613807982740021,0.9583869583869584,0.9579419299743809,0.9549359616296843
0.9545876887340302,0.9639516313027606,0.9652574769507534,0.9644845246047651,0.9596259625962597,0.9612572301647931,0.9685937839600087,0.9690232056125202,0.9674822923374115,0.9617941952506597,0.9698212407991588,0.9642522146951538
0.9711786636076857,0.9721149721149721,0.966840326668544,0.9679482673789274,0.9699663959675161,0.9700929355041576,0.9677822524649354,0.968338644866288,0.9658546599151498,0.9652162051561861,0.96556632549312,0.968501281532443
0.9603736201528446,0.96159179145868,0.9677777777777777,0.968501780334155,0.958109559613319,0.9588258732899455,0.9674241429134376,0.969226757073934,0.9671154842050751,0.9690853346959633,0.9677378542510121,0.9677944862155389
0.8263487771906108,0.8275353411186233,0.9307659022068369,0.9366125018298931,0.9373944850872257,0.9429287305122495,0.9445740156400055,0.946426167721093,0.9472004255885091,0.9511906328114722,0.9505143898945175,0.950354609929078
0.9106068890103882,0.9144341170038273,0.9194169416941694,0.9214285714285714,0.9204389574759945,0.9255610290093049,0.9307797537619699,,,,,
0.96240234375,0.9622808428502493,0.9648049574958291,0.9644381223328592,0.9669870784746297,0.9676888087208846,0.9699695002737155,0.9721487474716042,0.9726568551510457,0.9698818441578501,0.9729646460756374,0.9705322470113454
0.9689939102839008,0.9695762094528003,0.9672944341684883,0.9638374549521561,0.9617700428901352,0.9656315208052044,0.9684978714778025,0.9675890901851483,0.9694729310756022,0.9714217670874018,0.9696934100787031,0.967873809248332
0.9526724746880151,,,,,,,,,,,
0.9595043548531921,0.9626344086021505,0.9629861982434128,0.9652142729065806,0.965359828141783,0.9660774861631851,0.9657686494176225,0.9639918605679908,0.9693415089309517,0.9589281022856643,0.9685941737380807,0.9693930938262992
0.9501285347043702,0.9397136397889977,0.9675090252707581,0.9671922685656155,0.9710968379446641,0.9744346116027532,0.9738578060102614,0.970480605025616,0.9664070107108081,0.9717073170731707,0.9673676577229877,0.9674227799227799
0.9710653222270934,0.9758983347940403,0.9665653495440729,0.9665154461006696,0.961965811965812,0.9660513473371526,0.9694543922477354,0.9698933723604433,0.968878812860676,0.9668275030156815,0.9686876745113682,0.9753430105388745
0.9514376996805112,0.9610754414125201,0.9625462270831694,0.9651620006291286,0.9630233822729745,0.9608540925266904,0.9597201937120455,0.9673519673519674,0.968692590324556,0.961520981669444,0.9664960096371028,0.9665114882114432
0.9646570233924737,0.9655355694184128,0.9651143565720585,0.9677821334925621,0.9674744405243233,0.96882187579862,0.9690418934312113,0.9675384807908898,0.9686298822070676,0.9670887939920483,0.9676646996227145,0.9657962134086503
0.9698370993168681,0.9725897920604915,0.9749615187275525,0.9709982700722499,0.9673038229376257,0.965619442797866,0.97280848139786,,,,,
0.9502666426987836,0.9500927428703918,0.9498755570990334,0.9578886310904873,0.9693344174700894,0.9717271407837446,0.9704059767185962,0.9688812194420477,0.9697143842307914,0.9705511630571789,0.9696572924968689,0.9694634864880177
0.9645909645909646,0.9577538247566064,0.9679653679653679,0.9676526552499568,0.9663305417877286,0.9695778499401811,0.9638799389520095,0.9618196588139724,0.9480622617534943,0.9606411680685606,0.9608920998900581,0.9555694618272841
0.948870765370138,0.9501385041551247,0.957427258805513,,,,,,,,,
0.957132113311607,0.954578934446354,0.9551482999758861,0.9506823078764663,0.9515222482435597,0.9553447478019436,0.9515643105446118,0.9472106961733517,0.9505946935041171,0.9581309275965765,0.9657961636237578,0.9610744366036876
0.9669598680593733,0.97101370458995,0.9710536263973646,0.9726085571716743,0.9711703288140876,0.9722537390407426,0.9743405521913169,0.9739620343112374,0.9718253371434301,0.9722774244833068,0.9708011226549805,0.9739062193447126
0.9473964506850792,0.9501412263515393,0.952542880406582,0.9546944578735973,0.9565332744649696,0.9585592758579784,0.9603181111748952,0.9595819077339549,0.9605268314860395,0.9608188849168824,0.9624805711222274,0.9608120615930665
0.9659205050939876,0.9685095468794528,0.9716780238500852,0.9717227275932586,0.9711599186022034,0.9713765833858212,0.9715302491103203,0.973162761593548,0.9683961936514551,0.9701636853373852,0.9701030927835051,0.9655691696899171
0.9637748575415745,0.9624928202182653,0.9608900876601484,0.9587245153047053,0.9696614146832049,0.9666094468132234,0.9660624758966448,0.9650311441372528,0.9683134952986575,0.9672909807308253,0.96875,0.9688177157655515
0.9513101983002833,0.9513188174898212,0.9523891966759003,0.9477056277056277,0.9489354336160637,0.9463296398891967,0.952215464813206,0.9556095023409051,0.9546241773467267,0.9527845036319612,0.9492666091458154,0.9459132538448246
0.9617312310744492,0.9595704032632829,0.9671464171286172,0.969119213021652,0.9696548298981872,0.973057705496228,0.9753964440172994,0.9755370493044383,0.9751578751857355,0.9737590604642627,0.9727514299869388,0.9798227250456549
0.9649580241253832,0.9726019545467572,0.9732053873971355,0.973495884366249,0.9763075798881425,0.9782212118660717,0.9785460546558138,0.9692592900030437,0.9711724476172311,0.9739521603275509,0.9658174552201527,0.966382829814534
0.881323155216285,0.9445688092953843,0.9430166420897409,0.9540181837182569,0.9506647278770254,0.9537775935330086,0.9566027964785085,0.9567735263702172,0.9534286008018916,0.9539579967689822,0.9555112219451372,0.9538115275467267
0.9351809286136468,0.9328523140925638,0.9356570098292809,0.9636268137351455,0.9641853473629175,0.9679015560908913,0.9660658156392328,0.9675106288470081,0.966167777638033,0.9690323384634557,0.9711829818811453,0.9678658536585366
0.938466866774417,0.9406361235503502,0.9388007649904376,0.946164199192463,0.9463094708759449,0.9508561263064265,0.9493866725605039,0.9457364341085271,0.9407399440739944,0.9477068152593228,0.9469583778014942,0.9534858853721129
0.9317271848681485,0.9273601098523858,0.9331649371927908,0.9372356392413699,0.941952686995761,0.9469050706339999,0.9476393686920003,0.9447276629997317,0.9476142809476142,0.9507431846963941,0.9549226581690234,0.9542444709310025
0.9451741861793261,0.9567360350492881,0.953779227841218,0.9618943930321175,0.9607427055702917,0.9564075630252101,0.9524762381190596,0.962816063460585,0.9554826616682287,0.967966573816156,0.9711802378774016,0.9593978102189781
0.9547898824935271,0.9537947306331105,0.9509463113171108,0.9531874405328259,0.9565876777251184,0.9515344311377245,0.9561745589600743,0.9555514570269273,0.9573304157549234,0.9628824913996017,0.959678858162355,0.9590734935562522
0.9509162951956414,0.9511679370543398,0.9491606485245588,0.9510295733600879,0.9562231759656652,0.9538760240564474,0.956752655538695,0.9574307423663222,0.9581369036394494,0.9580846764719703,0.9597406868041528,0.9556430815398321
0.9584835135495928,0.9611014570244619,0.9610628781899501,0.9598283931357254,0.9587362991618311,0.9615626969124134,0.9657704754792134,0.9650719468700036,0.9682674772036474,0.9710389767105104,0.9739727678033498,0.9701242829827916
0.9698922565703353,0.9699570815450643,0.9693512520545297,0.9698751626741215,0.9681334622823985,0.9681173358980524,0.970060450283212,0.9646641438032166,0.9761927480916031,0.9731086915712408,0.9726397096458983,0.9714669507619621
0.9479034307496823,0.9538721963605586,0.9587607284906845,0.958455114822547,0.9626070607896386,0.964963503649635,,,,,,
0.9685092580078389,0.9695797198132088,,,,,,,,,,
0.9706139711243984,0.9706243233489715,0.9680137084106811,0.9678860059549128,0.9651000139879703,0.9672621116285536,0.9684369425003431,0.9685210312075984,0.9686314363143631,0.9695298311697047,0.9669991297944976,0.9656
0.9455036412732182,0.9497115931432285,0.949322970915792,0.9531891159714753,0.9518472233070374,0.9546680018487136,0.9559333663706019,0.9537988449711243,0.9556959672923249,0.9541129358168926,0.9556973368221083,0.9572449088388955
0.9581854480922803,0.954906008910138,0.9532690246516613,0.9521424003410787,0.9541733120680489,0.9582359192348565,0.9591491163086041,0.9620627707915037,0.9631740002110373,0.9625287837554951,0.962030583584729,0.9553910987768527
0.9347555689570691,0.9398575178102737,0.9458109719737626,0.9477993479549496,0.952085869204382,0.959653647752395,0.9584249890013199,0.9568177680684508,0.9559839415530399,0.9540884356193016,0.9546033823580065,0.9536414757920724
0.957761445143009,0.9614691901148543,0.9598721070077146,0.9563550831954003,0.9600495420243101,0.9583833876780504,0.9613138478192748,0.9610378538138001,0.9600429827786104,0.9598517603458925,0.9547597132736452,0.9544061942959001
0.9246331093128515,0.9278800321458668,0.9284669354603281,0.9298351556577713,0.9379306355409297,0.9424720610410955,0.9429619446514377,0.9457023013700389,0.9434404124717567,0.9394203399959112,0.9411703893988284,0.9431869821527505
0.964968152866242,0.9570063694267515,0.9696969696969697,0.9700787401574803,0.9590551181102362,0.968503937007874,0.9577039274924471,0.9633967789165446,0.9752906976744186,0.968299711815562,0.9827833572453372,0.9645892351274787
0.963671959973896,0.9637579549131701,0.9605802585935036,0.9648605996843767,0.9660163624921334,0.9659516867971678,0.9687662675689744,0.9696594427244583,0.9694563225412339,0.9703509479628882,0.9727638190954774,0.9624192601291838
0.9744639845820284,0.9581254179741756,0.959468438538206,0.9612038442083966,0.9628545472897951,0.9658880608212874,0.9669701039645824,0.9651008034702026,0.9663617586308646,0.9629755599825082,0.9669338196477419,0.9638622514053569
0.9483633010603965,0.9568609453877925,0.96012832263978,,,,,,,,,
0.9501651982378855,0.9546819546819547,0.9625235912644918,0.9657774184855834,0.9677852348993289,0.9633411887928777,0.9512879367508289,0.962944290395765,0.9640179910044977,0.964025279533301,0.9690745986779982,0.9628060263653484
0.9390243902439024,0.9391574796589931,0.9429586061480413,0.9367157814165824,0.9379880819569536,0.9420885129069989,0.9419190551010457,0.9391829658124289,0.9367692802745897,0.9404888983774552,0.9451111287716231,0.9432644595552522
0.7033898305084746,0.7174280879864636,0.7452667814113597,0.7525951557093425,0.7512864493996569,0.7551369863013698,0.7560137457044673,0.7632027257240205,0.7632027257240205,0.7653061224489796,0.7562604340567612,0.7745098039215687
0.9722433047815244,0.9633458646616542,0.970118495620814,0.9743721168631471,0.973940377205435,,,,,,,
0.9256254225828262,0.931169272603671,0.9290804207668816,0.9330508474576271,0.9364142351155338,0.9416414396232762,0.9395161290322581,,,,,
0.9597142290136932,0.9595959595959596,0.9492179957520757,,,,,,,,,
0.8630977699459197,0.862180253406646,0.8622129436325678,0.8774371587977683,0.8757552192379016,0.8800811794902406,0.8876417982113919,0.8874955213185238,0.8925698623607221,0.8988400164870753,0.9092257490358944,0.9136072951207959
0.9029602038815918,0.9164552020300605,0.9182341650671785,0.9207445787756668,0.9146411483253588,0.9084791386271871,0.9133858267716536,0.9039473684210526,0.9326904532304725,0.9309546769527484,0.926941514860978,0.9275167785234899
0.9549491011479315,0.9608695652173913,0.9430808294540838,0.9487830687830687,0.9473240623683101,0.961594963273872,0.9550655294362388,0.9577962577962578,0.9572280485297142,0.9610815239655879,,
0.9502210433244916,0.9494860757269613,0.9555090290499869,0.9533789563729683,0.9541659567217584,0.9522758152173914,0.9485189820609095,0.9538054706222626,0.9560042682426332,0.9565748737167997,0.9613281878115453,0.9628421387651177
0.9540555106440313,0.9597914093591327,0.9610549330418147,0.9636437908496732,0.9675456389452333,,,,,,,
0.9448780379338715,0.9447767145135566,0.9390278536318951,0.9456085115622626,0.9511919753354466,0.9513112662962403,0.952381979339645,0.954344783030042,0.9511635388739946,0.9472264445824146,0.9543672472523941,0.954308566080279
0.9188249896565991,0.9199603108979659,,,,,,,,,,
0.9495822529530394,0.9467771113015329,0.9533639143730887,0.9557463672391017,0.953366909158739,0.9467987525224729,0.9491978609625669,0.9363768379016155,0.9554964213617178,0.953184196283601,0.9606967396159,0.9610273789351645
0.938685688268326,0.9383808095952024,0.943328335832084,0.9451338017640903,0.9462207160748489,0.9473765432098765,,,,,,
0.697746747064424,0.8053045330982294,0.7897897897897898,0.7921139258623158,0.7913315778236425,0.7952264908256881,0.7929799426934098,0.78186447870986,0.7738028169014084,0.7760740531373658,0.7779507500707614,0.7941960106574494
0.9638920875143938,0.966202133311537,0.9600606471691338,0.9567231548938866,0.9564806427474302,0.9646924380344406,0.9696314921034023,0.9683739045764362,0.9674014281279106,0.9666705376843572,0.9668772146048374,0.9629206204031858
0.9675321401562894,0.9663485685585133,0.9651493244253877,0.9638577979389576,0.9641061039345232,0.9664063651097686,0.9665511011279848,0.965867652063986,0.9677762210734818,0.9646351357800792,0.9668356469417728,0.9677860579190642
0.9637921503593145,0.9642076502732241,0.9631452900478978,0.9649213309259737,0.9740459976872671,0.9717665013353681,0.9728779507785033,0.9741839394315502,0.976950573154197,0.9743307664099743,0.9752273815222594,0.9721763734968167
0.956656827714774,0.9630457457904932,0.9674349442379182,0.9701774803607798,0.9719084853750362,0.9699054170249355,0.9705674260648083,0.96892575928009,0.9682981090100111,0.9698004919376879,0.9731623479640402,0.9705188679245284
0.9303964236018593,0.9699826118788323,0.969428777151086,,,,,,,,,
0.9372272574689493,0.9483313228789706,0.9395582854155776,0.9395705119811444,0.9401910744666928,0.94344069128044,0.9462203589676406,0.9499114928210843,0.9470965210567617,0.9511441346659653,0.9608437705998681,0.9581603742505106
0.9321847507331378,0.9368807339449541,0.9416651616398772,0.9450044208664898,0.950070323488045,0.9506601806810285,0.9434478045446779,0.9462292864389584,0.9519635934603068,0.9509018036072144,0.9437572158997196,0.9472044597474996
0.9758174386920981,0.9746892655367232,0.979381443298969,0.9781111111111112,0.9809418282548477,0.9811028842966074,0.9791689507729415,0.9779515585967199,0.9820632677464942,0.9771965848913866,0.9838709677419355,0.978491205763933
0.9425861208187718,0.9470435994425642,0.9450680441044998,0.9560824329731893,0.9572256646012393,0.9550009825112988,0.9522324039773835,0.9545234639574263,0.9565800824307485,0.9626096909576497,0.9609065155807366,0.9610450416705684
0.9277529417809979,0.9306047084166795,0.9346100670797276,0.9340704132062975,0.934202485231208,0.9351594481225046,0.9384492005413263,0.9396422504247027,0.9407098949038271,0.9425429078713751,0.9465379526633018,0.9438663344569838
0.9624007060900265,0.9627214241649775,0.9547449023487912,0.9599896301417215,0.9613397623557776,0.964178592852858,0.9651839178785286,0.9624405166553365,0.965,0.9635116830342025,0.963160569105691,0.9639685359045927
0.9413179051769479,0.9452715846176867,0.9437765723500953,0.9462876351943876,0.9473894270890025,0.9496733433843061,0.9482948686035347,0.9457562220804084,0.9491050474622579,0.9447092800723755,0.949434302769487,0.9484100896162763
0.9547934528448948,0.9579414838035528,0.9558212058212058,0.9602785659014702,0.9641760491299898,0.966183574879227,0.9638066312325994,,,,,
0.924154089249714,0.9240198668498362,0.9309977111943404,0.935257710778397,0.9375849075949043,0.94030728327837,0.9428791229925955,0.9448884647500895,0.9448467437498516,0.9435072115950213,0.9458480379554538,0.9477429137991368
0.9672186549509969,0.9686234817813765,0.9691746768312893,0.9690075832509067,0.9675174013921114,0.9648604269293924,0.9629750982961992,,,,,
0.9306819935195186,0.9316910581564631,0.9305360063909918,0.9332296369361508,0.9320337394564199,0.934178066831128,0.9331269580784723,0.9327693677649154,0.9318771786694355,0.9335672082717873,0.9332426070325144,0.9351061501422631
0.8766233766233766,0.8660633484162896,0.868052417532761,0.8748874887488749,0.8788694481830417,0.8738296923762817,0.8910369068541301,0.897851819377466,0.8992586131705189,0.9001308329699084,0.9065623641894829,0.905090595340811
0.9263882221155385,0.9277185161598471,0.9236056866114669,0.9255269320843091,0.9270479134466769,0.9230887555760652,0.9287240537240538,0.9291780406430088,0.9308374680499173,0.9292466765140325,0.9158016147635525,0.905663082437276
0.9592832740709754,0.9619406106231703,0.9557431742357186,0.9583446588746942,0.9632825040128411,0.9631690514043455,0.9656461488881727,0.9677315884013343,0.9639207377866401,0.9700356134102911,0.970480605025616,0.9698024854415561
0.9454211746522411,0.9440122923268991,0.9449358059914408,0.9483816174388978,0.9470167513645774,0.9472457824587567,0.9493365500603136,0.9505878030859662,0.9468269143221342,0.953113750899928,0.9544154451197712,0.9564947172156619
0.9522517321016166,0.9605067064083458,0.9633262989790681,0.9565537555228277,0.9614862572107228,0.9618252144178485,0.9667634901128366,0.9676308922325245,0.9699115044247788,0.9645886924634667,0.9699484675888256,0.966601920794216
0.963438299373732,0.9667952225555153,0.9551721572004125,0.955439152661579,0.9611710291399994,0.9656465942744323,0.9660600098376783,0.9684255181608824,0.9690294568702822,0.9671711996564881,0.969067405355494,0.969828241374069
0.9514365624205441,0.946674953387197,0.9489707876247997,0.9458797600097956,0.9454347035285559,0.9436990896023,0.9385159010600707,0.9346627565982405,0.9365411436541143,0.9339449541284404,0.9372423270728355,0.9361532322426177
0.9378483622203558,0.9449100883876866,0.9477313167259787,0.9498305584205098,0.9523844514659416,0.9505909991924235,0.9541861826697893,0.9543962057643196,0.9518054852015341,0.953636166678703,0.9544899863613524,0.9514126712328768
0.9288193214816913,0.9445993280434627,0.9495816348423085,0.9610305260878979,0.9606677174380284,0.9630285430979532,0.9651678277390754,0.9630632507116573,0.9662758620689655,0.9633461222252672,0.9657851690294439,0.9682636765205572
0.9300345055429117,0.9694385753093873,0.9655198038195735,0.965911606286431,0.9661439249596951,0.9651857246904588,0.9636231884057971,0.9561787276769705,0.9637567644545714,0.9623926772156389,0.9652290914241201,0.9647456195904581
0.9623708804722085,0.9551282051282052,0.9500350221807145,,,,,,,,,
0.9634541874203637,0.9654304029304029,0.9660330671465527,0.9675895041138537,0.9704583103257869,0.971182819262587,0.9736386272599329,0.972949809845198,0.9711851929750762,0.973779243209295,,
0.966289982761923,0.9635817533320818,0.9716791522017175,0.9728260869565217,0.9754866618601298,0.9694969675347842,0.9765082754938601,0.9724835789099947,0.9742692105723788,0.9757332402234636,0.9724210158840985,0.9768095572733662
0.9604887983706721,0.9569779643231899,0.9500437514915281,0.9604062524795683,0.9641660824180104,0.966095059118315,0.9596848934198332,0.9626633478531424,0.9636958554066687,0.9576296743063932,0.9649252626905431,0.9670645446507515
0.9566511627906977,0.9533984159145331,0.9439626417611742,0.9559738134206219,0.957405614714424,0.9556189570454906,0.9600376116596144,0.9609085290482077,0.9506228425634099,0.9515008132485583,0.9578532886101794,0.9630959218839747
0.9496690171247661,0.9511964264336167,0.9552680688137895,0.9582536758955826,0.959513896744108,0.9583676856604216,0.961014340954581,0.9616518053017243,0.963060055570347,0.9609009109142993,0.9621707680636704,0.9614942575983032
0.9375629476275739,0.9403127002611578,0.9480212398089237,0.9518205421968531,0.9517083885830621,0.9475658646447701,0.9535572925990016,0.953173648802366,0.9554308837233051,0.9518259420934296,0.9534321118368,0.9531862152357921
0.9060598915350153,0.9070658342792282,0.9071542279239629,0.9270957017335549,0.9294871794871795,0.929261944599368,0.9314568312072472,0.9358365238248997,0.9367123413225792,0.9392416628597533,0.9382307622586785,0.9395596944080286
0.8782237735117316,0.886748844375963,0.8869764773379232,0.8904161893852616,0.8895248998282771,0.8642664266426643,0.8995293265749457,0.9112734864300627,0.912676541508784,0.9108553761593954,0.9160827209024098,0.9121460252473559
0.9287166454891995,0.9277735465854278,0.9242499380114059,0.9225576828669613,0.9242257314236749,0.9266682962600831,0.9266951740989615,0.9296827885659148,0.9316403899386207,0.9312702410939186,0.9194470924690181,0.9293738049713193
0.9327399325245854,0.964516129032258,0.9580325548478414,0.9622547978188514,0.9574691704035875,0.9574909997230684,0.9594445971954908,0.9637468423567966,0.9627152988855117,0.9617064158548875,0.961376545272302,0.9604137656654068
0.9620243044451551,0.9618417908069784,0.9573899371069182,0.961317713656734,0.9623516466242239,0.9633113828786454,0.9656709415076634,0.9679307116104869,0.9717355758000468,0.971331163799783,0.9710558814448904,0.9690309690309691
0.9720327975320668,0.9726204973091881,0.9736131471337088,0.9737987959562303,0.9735974833345816,0.9739050083163925,0.975029078220413,0.976253013348685,0.9764398829048072,0.9717202083406159,0.9721887998899927,0.9748189148558152
0.8441410693970421,0.8393208892223994,0.8399850801939575,0.84426611924979,0.8433200997137845,0.8370084527747151,0.8385826771653543,0.8381065304633345,0.8418893042764658,0.848413203600982,0.8496226929720884,0.8490872944153263
0.9517214346377474,0.954684949396017,0.9560198619978074,0.9614371103541358,0.9643877356693963,,,,,,,
0.9614279633964673,0.9656891034048581,0.9662639259375491,0.9689275845889161,0.9699688796680498,0.97133281773653,0.971951594708235,0.9720616570327553,0.9721789785567218,0.9713716704007966,0.9728877058069605,0.9731359380361783
0.961808367071525,0.9622122290086583,0.9456251634841747,0.94938114365958,0.9519654935790609,0.959669046073978,0.9663159266377822,0.9696891275515156,0.9675270607826811,0.9666019911574796,0.9642563940637827,0.9605945385413066
0.9356446370530878,0.9413190761704798,0.9464042686483334,0.9504926959979255,0.9534938824745821,0.9563941658992097,0.9625477761407555,0.9598499141458038,0.9618661942124357,0.9596519483779204,0.9607928601079286,0.9614441950033984
0.9496716516748523,0.9456344460150049,0.9513881387058443,0.9547204105634556,0.9579031399680681,0.9560980776359689,0.9579476329013489,0.957956219743212,0.9607566494225845,0.9658031088082901,0.9657593931006202,0.9656830490459077
0.9765392254220456,0.9744979672292718,0.9709985315712188,0.9740894646785627,0.9654629180804654,0.9726815240833933,0.9730947019082612,,,,,
,,,,,,,0.9617815355709284,0.9649093351242445,0.9704496611010084,0.9691194994108325,0.9653780034382121
0.9441451410932177,0.9480408858603067,0.9328972659724015,0.9415352019927277,0.9497814081914404,0.9502593048909773,0.9438877184991175,0.946756164851105,0.9506061460389061,0.9527439453179939,0.953003632299525,0.9504612419110561
0.911128903122498,0.9170998267359722,0.9306078536847767,0.9158707313881983,0.9079492490937339,0.8976578411405295,,,,,,
0.8056042031523643,0.8140350877192982,0.8063380281690141,0.8671726755218216,0.85,0.8450184501845018,0.8711433756805808,0.8617021276595744,0.853195164075993,0.8524046434494196,0.8842281879194631,0.859375
0.9345414707627699,0.9292227137311546,0.9365257122379502,0.9376173027080168,0.9374164215030757,0.9401458555674137,0.9378399719248991,0.9385369697500329,0.9333828087484175,0.9424076906270483,0.9438795378823936,0.9404121671040744
0.9386053562405255,0.9468892261001517,0.9462311557788945,,,,,,,,,
0.9523809523809523,0.95458641196612,0.9549661801352795,0.9389084507042254,0.9474969474969475,0.9451959764134582,0.9545059906233722,0.954474640817033,0.9544595291287162,0.9551006365043867,0.9570446735395189,0.9519329456038317
,,,,,,,,,,,0.9573279980888677
0.9325175783033512,0.9474259681093394,0.9458776835648566,0.9551848512173129,0.9512042818911686,0.9477434679334917,0.9525432616675407,0.9534416491963662,0.9618839947666812,0.9645340751043116,0.9623884218736459,0.9580884894573107
0.9578018707482994,0.9586995658159483,0.9574888265253092,0.9517924624655296,0.9257912325535679,0.9325165119172968,0.9334921391138638,0.9355144618302513,0.9359082792970586,0.9368019359642591,0.9397035809629016,0.940391296397879
0.9608249364346926,0.9568518518518518,0.9571351058057515,0.9569728956078362,0.956826863285067,0.9542690985989956,0.956292785676672,0.9522234792446262,0.9598055386752322,0.9606115762650164,0.9671351351351352,0.9659547018348624
,,,,,,0.9494906217271256,0.9492705570291777,0.9486998304126625,0.9515812125748503,0.9556534783423964,0.956695846526355
0.957325746799431,0.9570717839374556,0.949838622915546,0.9535038635758061,0.9565907887771308,0.952986359422593,0.9579587519830778,0.9534639148153017,0.9553122987765615,0.9592696629213483,0.9543973941368078,0.9652562352649212
0.9598271923726288,0.9623856819746288,0.963990669647196,0.9665719377679303,0.9661607483772432,0.9644572074192638,0.96090630513511,0.9620787806445689,0.9643247676325861,0.9672213129659938,0.9625273889907436,0.9622232063773251
0.9693210232737065,0.9618197359673283,0.9650408011869436,0.9565375192813719,0.955547652916074,0.9623423582326484,0.9650945002554061,0.9709273182957393,0.9699156665585469,0.9725695529853079,0.9741035856573705,0.9685262529832935
0.9555432831699572,0.9460114113467543,0.9374610106051154,0.9301075268817204,0.93001832247557,0.9553932050368259,0.9557068855130667,0.9556140250529085,0.9576209017549799,0.9647240959858454,0.961372922909289,0.9594827586206897
0.9097532704090081,0.9076859504132231,0.9058591178406846,0.9110072178477691,0.9158273970359453,0.917430441898527,0.9168856767411301,0.9183003855303092,0.9148257241040746,0.923333604622772,0.9328820747023324,0.9314598480516297
0.952604611443211,0.9536470922792549,0.9532221594120972,0.9558660763696735,0.9618131868131868,0.9672697141278829,0.9643250688705234,0.9621347235560433,0.9639294985653778,0.9584401565240859,0.9585639087596167,0.9603735823882589
0.9545027260763301,0.9502752208705305,0.9353887399463807,0.9437558727459842,0.9426768574475649,0.9570127667172574,0.9537258021744895,0.9550704905792964,0.9575126372668642,0.9572645894301945,0.9628106255355613,0.9605017799627056
0.9576725885298677,0.9590309939437122,0.944540528075637,0.9496270797475617,0.9659879685330865,0.9625057155921354,0.9602279074963691,0.9622557726465364,0.9569424812438839,0.9603665033027914,0.9549653579676675,
0.9624951037994516,0.9659803921568627,0.9653213166144201,0.9586173787806049,0.9609315589353612,0.9646026052482537,0.9607571560480148,,,,,
,,,,,,,0.9604056011588604,0.9632574850299401,0.9655172413793104,0.967687235044748,0.9645638084580594
0.9569148936170213,0.9520073231332549,0.951448808757244,0.9612501588108245,0.9569095477386935,0.9590400804121121,0.9597055888223552,0.9602469135802469,0.9593772804670396,0.9595223880597015,0.9604920747575112,0.9633243211472905
,,,,,,,0.967313736365317,0.9684353143652276,0.9713028297083,0.9723172180424061,0.9700866948484631
0.9504142450847038,0.9460837887067395,0.9447272727272727,0.949981833595737,0.9452598652550529,0.9447290053603336,0.9493730778329784,0.9509101585437463,0.9526321960370501,0.9553373085467087,0.9552656104380243,0.9526093410985498
0.9775491113189897,0.9769721487474716,0.9849682318301565,0.9795232273838631,0.9825174825174825,0.9836685316800242,0.9837886520564395,0.9837070254110613,0.9842332292131489,0.9845788849347569,0.9868245743893412,0.9872893881170559
,,,,,,0.9177463846861155,0.9200434455677166,0.9208813219829745,0.928876602161347,0.9271739130434783,0.9263921307102367
0.9518166875199333,0.9562462061430133,0.9554590808788257,0.960178558775597,0.9626014734174839,0.962257160719661,0.9656934641122009,0.9670349452082536,0.9676231054301755,0.9672512838367133,0.9717699324980051,0.9689433071870417
0.9502230151650313,0.947849223946785,0.9444444444444444,0.9474145486415425,0.9452805567638104,0.9484223300970874,0.9505129752564876,0.9501721170395869,0.9518401502860558,0.9571319214085225,0.9613922446565852,0.9596510359869138
0.9253547193090684,0.9207251497925949,0.9160567587752054,0.9282945736434108,0.9389483065953654,0.9378983251815621,0.9425879581922567,0.9477382520860782,0.9455732946298984,0.9445484660809448,0.9436901529226811,
0.9341625562942312,0.9309172069295355,0.9266401173758122,0.93528553563985,0.9557952622673435,0.9489891135303266,0.9584886128364389,0.9587745450807031,0.9577079107505071,0.9570996978851963,0.9589301813082239,0.9567470599960135
0.9726950354609929,0.9716064467329959,0.9744839449541285,0.973209185422141,0.9763100810594817,0.979469632164243,0.9720338508098414,0.9774671512440593,0.9771403207013261,0.9761407366684992,0.9756204459540897,0.9770158868810395
0.9165111482172674,0.9154629180804653,0.9201700976128346,0.9217904098994586,0.9266929968211155,0.9213833506567136,0.9219250329628932,0.923974969646026,0.9310635113646992,0.9311111111111111,0.9353647276084949,0.934660399963137
0.9647638427760523,0.9681851812704788,0.9652633761924513,0.9704706244232544,0.9728112001623211,0.9699013489027583,0.9738450746567793,0.9757223113964687,0.9798159691303058,0.9783899542490022,0.9799573973663827,0.9805853375833092
0.9718454935622317,0.9707979626485569,0.9684228020608276,0.963765718067505,0.9650024879747885,0.9689420362066102,0.9711251244606705,,,,,
0.9358818277737196,0.9487583760346866,0.9495115279406018,0.9531918202317082,0.9536886199674192,0.9570092012680739,0.9565150465635343,0.9572858561931687,0.9569221401933176,0.9590033975084937,0.961197172507144,0.9597009345794393
0.9538261435074789,0.9543840774610005,0.9431746697420843,0.9442313672644346,0.9470026965359883,0.9419163513651703,0.9420555047270509,0.9466680211296221,0.9452665720656801,0.9463134568896051,0.9467467467467467,0.94750499001996
0.9659423114402651,0.9686776061776062,0.9701357466063348,0.9665757803685596,0.9708452086156146,0.9696647398843931,0.9706747563890421,0.9718661939823653,0.9706866913960011,0.9699603333779026,0.9713005677785663,0.9673239931485792
0.9651840490797546,0.9711302211302212,0.9708883553421368,0.9689366786140979,0.9684320766008379,0.9683619160260201,0.9744230486550052,0.9758690031600115,0.9658585568784966,0.9718167365226189,0.9702296569322371,0.9717284814555633
0.9613899613899614,0.9674341422941298,0.9720265230004144,0.9703031552897504,0.9656652360515021,0.9683659077171066,0.9730323611666001,0.969031752254018,0.9739784117193524,0.9744608399545971,0.9772264395482319,0.9646491697911087
0.9631140273098067,0.9623071528751753,0.9648451096414897,0.953125,0.9600404653515427,0.9608006672226855,0.9639861864824865,,,,,
0.9584479024255365,0.9585387989714113,0.9629195764811894,0.9686697020240725,0.9720284941981153,0.9742426936985003,0.9730393237780228,0.9714189643577673,0.9695998375563839,0.9694707295193449,0.965171496409875,0.9679960119641077
0.9559231378763867,0.951625386996904,0.9557912521118829,0.9593556152208129,0.9577605826126536,0.9610154125113327,0.9597004279600571,0.960792912902377,0.961455734319883,0.9607661154235572,0.9660465504296321,0.966878665234988
0.8531073446327684,0.8497420464316423,0.8517241379310345,0.8455811974901627,0.8486772486772487,0.8578333508458548,0.8588680037803214,0.8558124934602909,0.8490935311083643,0.8553472079126314,0.8529654036243822,0.8559796437659033
0.9357832922902065,0.9462001504890896,0.9487461101958631,0.9542961608775137,0.9521818181818181,0.958018018018018,0.9586614173228346,,,,,
0.8979386903842335,0.9112375186423387,0.910603834005966,0.9145936890971599,0.9146456366993263,0.9156297124011413,0.9163895845927973,0.9157070252187339,0.9139709292099077,0.9187579550275774,0.920896318315496,0.9231439260771237
0.962234461054288,0.9646781789638933,0.9645085803432137,0.965798678585309,,,,,,,,
0.9656261847592569,0.9672069355446664,0.9695760598503741,0.9724375538329026,0.9744060739652216,0.9773630343166767,0.9770983213429256,0.9782532444756226,0.9739571329799493,0.9791784542265475,0.9793555434188967,0.9766944622621339
0.9512700685912414,0.9457666073546857,0.951503717678393,0.9448796263025512,0.9498873269664128,0.9494531167038335,0.9477499562248293,0.948361538728846,0.9500085484698239,0.9451042580471017,0.9521080501374086,0.952675102122148
0.9683544303797469,0.9662921348314607,0.9719414070559109,0.9739975366087313,0.9698167200381549,0.9712740790807706,0.9702804308067466,0.9728733077389372,0.9733600400600901,0.9703366786967914,0.9722303277891255,0.9733062527201509
0.9309340545038486,,,,,,,,,,,
0.9741839370910257,0.970576223360808,0.9710813917422321,0.9740054495912807,0.9734005092366868,0.971429083222871,0.9728835978835979,0.9714763607893379,0.9688795210599029,0.9731660197444214,0.9747300063527917,0.973364215402432
0.9488139825218477,0.9458461538461539,0.9412117576484703,0.9532598987793987,0.9569093610698366,0.9509498157074,0.960492413398225,0.9647867162897223,0.967440543601359,0.9483957219251337,0.9639227642276422,0.9741379310344828
0.9395551142797702,0.9417345990010163,0.9416018732385671,0.9439615350529494,0.9471221324206479,0.9492623103276554,0.9522690884900997,0.9526635659321869,0.9524475334458039,0.951612337192898,0.9538012696516144,0.9545183523295387
0.9613429641519529,0.9628043885469628,0.961348897535668,0.9604242110708743,0.9607138271921941,0.9616666666666667,0.9643536724597235,,,,,
0.9668624420401855,0.9658715596330275,0.970380564863571,0.9698330041300054,0.9712277357479001,0.9699424680051661,0.9693682195277601,0.970733929283152,0.9706616382896124,0.9692448561887321,0.970622859589041,0.966689434140703
0.9317877842175658,0.927726820643165,0.9269501983252534,0.9229509985812507,0.932695444166576,0.9326508620689655,0.9319727891156463,0.9345319936541513,0.9349662162162162,0.9364701005285522,0.9383862083035805,0.9343058350100604
0.958738326662855,0.9612643031326206,0.9611794065995009,0.95187831297534,0.9623467600700525,0.9611116206548657,0.9620408720586228,0.9651052274270197,0.9649705842726906,0.9623857666328197,0.9614816744832378,0.9565886831187717
0.947198275862069,0.9531996179560649,0.9495331521096797,0.950431537205505,0.9546716003700277,0.9535070600390311,0.954292843370761,0.9509154217679434,0.9544844553791099,0.9555087096416287,0.9583287399404696,0.9562853414528055
0.9640766101022129,0.9655360237682594,0.957749938590027,0.9602574179603065,0.9586007544951252,0.9547210405359151,0.9614102186917721,0.9639679280336364,0.9671811851779715,0.9622586872586872,0.9653493975903614,0.9637027078932207
0.9621862925310425,0.9630034458483085,0.9654530714522608,0.9687551359544201,0.9714816216898311,0.9707309242678273,0.9733015284035692,0.972198163866274,0.9729535662996649,0.972432804962095,0.971574682871754,0.9733608929309632
0.94029521921128,0.9417259786476868,0.9339767492871244,0.945777968281183,0.9535775127768313,0.9576325314030232,,,,,,
