id,occurred_at,city,latitude,longitude,depth,magnitude,gasfield_id,created_at,updated_at,knmi_guid,region,1997,1998,1999,2000,2001,2002,2003,2004,2005,2006,2007,2008,2009,2010,2011,2012,2013,2014,2015,2016,2017,2018,2019,2020,2021,2022,2023,2024
1,1986-12-26 07:47:00,Assen,52.992,6.548,1.0,2.8,,,,,Assen,66.0,68.0,68.0,69.0,94.0,95.0,97.0,98.0,148.0,149.0,161.0,173.0,181.0,182.0,181.0,177.0,170.0,162.0,159.0,159.0,168.0,172.0,184.0,195.0,210.0,237.0,278.0,284.0
4,1991-02-15 02:11:00,Emmen,52.771,6.914,3.0,2.2,,,,,Emmen,69.0,69.0,70.0,70.0,100.0,100.0,101.0,102.0,151.0,152.0,167.0,178.0,185.0,185.0,177.0,173.0,164.0,153.0,147.0,148.0,147.0,150.0,163.0,174.0,186.0,208.0,240.0,251.0
6,1991-08-08 04:01:00,Assen,52.965,6.573,3.0,2.7,,,,,Assen,66.0,68.0,68.0,69.0,94.0,95.0,97.0,98.0,148.0,149.0,161.0,173.0,181.0,182.0,181.0,177.0,170.0,162.0,159.0,159.0,168.0,172.0,184.0,195.0,210.0,237.0,278.0,284.0
9,1992-05-24 18:00:00,Assen,52.956,6.562,3.0,1.6,,,,,Assen,66.0,68.0,68.0,69.0,94.0,95.0,97.0,98.0,148.0,149.0,161.0,173.0,181.0,182.0,181.0,177.0,170.0,162.0,159.0,159.0,168.0,172.0,184.0,195.0,210.0,237.0,278.0,284.0
11,1992-07-22 23:23:00,Assen,52.961,6.57,3.0,2.6,,,,,Assen,66.0,68.0,68.0,69.0,94.0,95.0,97.0,98.0,148.0,149.0,161.0,173.0,181.0,182.0,181.0,177.0,170.0,162.0,159.0,159.0,168.0,172.0,184.0,195.0,210.0,237.0,278.0,284.0
12,1992-12-06 20:34:00,Loppersum,53.32,6.74,3.0,1.3,1.0,,,,Loppersum,49.0,50.0,50.0,50.0,87.0,87.0,88.0,88.0,139.0,140.0,156.0,171.0,177.0,177.0,174.0,171.0,165.0,152.0,145.0,143.0,144.0,149.0,161.0,175.0,,,,
24,1993-08-23 00:51:00,Appingedam,53.332,6.848,3.0,0.7,1.0,,,,Appingedam,52.0,52.0,52.0,53.0,74.0,74.0,76.0,77.0,117.0,118.0,137.0,145.0,150.0,152.0,156.0,154.0,149.0,142.0,134.0,131.0,133.0,138.0,143.0,155.0,,,,
27,1993-09-25 00:21:00,Slochteren,53.208,6.812,3.0,0.9,1.0,,,,Slochteren,62.0,62.0,63.0,64.0,107.0,108.0,109.0,109.0,170.0,171.0,183.0,200.0,205.0,210.0,204.0,195.0,189.0,184.0,185.0,187.0,187.0,,,,,,,
28,1993-11-23 12:31:00,Slochteren,53.202,6.82,3.0,2.2,1.0,,,,Slochteren,62.0,62.0,63.0,64.0,107.0,108.0,109.0,109.0,170.0,171.0,183.0,200.0,205.0,210.0,204.0,195.0,189.0,184.0,185.0,187.0,187.0,,,,,,,
34,1994-03-06 20:02:00,Appingedam,53.323,6.805,3.0,1.0,1.0,,,,Appingedam,52.0,52.0,52.0,53.0,74.0,74.0,76.0,77.0,117.0,118.0,137.0,145.0,150.0,152.0,156.0,154.0,149.0,142.0,134.0,131.0,133.0,138.0,143.0,155.0,,,,
45,1994-06-26 17:44:00,Appingedam,53.335,6.852,3.0,1.0,1.0,,,,Appingedam,52.0,52.0,52.0,53.0,74.0,74.0,76.0,77.0,117.0,118.0,137.0,145.0,150.0,152.0,156.0,154.0,149.0,142.0,134.0,131.0,133.0,138.0,143.0,155.0,,,,
52,1994-08-16 14:37:00,Anloo,53.061,6.698,3.0,2.3,,,,,Anloo,76.0,,,,,,,,,,,,,,,,,,,,,,,,,,,
56,1994-09-23 19:50:00,Schoonebeek,52.67,6.88,3.0,1.3,,,,,Schoonebeek,67.0,,,,,,,,,,,,,,,,,,,,,,,,,,,
59,1995-01-24 09:38:00,Delfzijl,53.316,6.897,3.0,1.3,1.0,,,,Delfzijl,47.0,47.0,48.0,49.0,77.0,77.0,78.0,78.0,116.0,118.0,133.0,144.0,148.0,148.0,145.0,142.0,138.0,131.0,124.0,121.0,121.0,126.0,131.0,138.0,,,,
64,1995-04-26 17:35:00,Zuidlaren,53.084,6.668,3.0,0.7,,,,,Zuidlaren,94.0,98.0,99.0,,,,,,,,,,,,,,,,,,,,,,,,,
68,1995-07-15 16:05:00,Slochteren,53.206,6.823,3.0,1.0,1.0,,,,Slochteren,62.0,62.0,63.0,64.0,107.0,108.0,109.0,109.0,170.0,171.0,183.0,200.0,205.0,210.0,204.0,195.0,189.0,184.0,185.0,187.0,187.0,,,,,,,
70,1995-09-13 21:34:00,Loppersum,53.335,6.728,3.0,1.1,1.0,,,,Loppersum,49.0,50.0,50.0,50.0,87.0,87.0,88.0,88.0,139.0,140.0,156.0,171.0,177.0,177.0,174.0,171.0,165.0,152.0,145.0,143.0,144.0,149.0,161.0,175.0,,,,
71,1995-10-18 00:34:00,Peize,53.129,6.492,3.0,1.3,,,,,Peize,97.0,,,,,,,,,,,,,,,,,,,,,,,,,,,
78,1996-02-24 03:31:00,Emmen,52.761,6.908,3.0,1.8,,,,,Emmen,69.0,69.0,70.0,70.0,100.0,100.0,101.0,102.0,151.0,152.0,167.0,178.0,185.0,185.0,177.0,173.0,164.0,153.0,147.0,148.0,147.0,150.0,163.0,174.0,186.0,208.0,240.0,251.0
86,1996-03-16 04:16:00,Appingedam,53.298,6.848,3.0,1.4,1.0,,,,Appingedam,52.0,52.0,52.0,53.0,74.0,74.0,76.0,77.0,117.0,118.0,137.0,145.0,150.0,152.0,156.0,154.0,149.0,142.0,134.0,131.0,133.0,138.0,143.0,155.0,,,,
91,1996-04-15 03:41:00,Ten Boer,53.289,6.688,3.0,0.9,1.0,,,,Ten Boer,66.0,67.0,67.0,68.0,97.0,98.0,98.0,98.0,158.0,158.0,174.0,185.0,194.0,195.0,192.0,187.0,183.0,174.0,165.0,165.0,169.0,175.0,,,,,,
101,1996-08-06 13:38:00,Emmen,52.755,6.917,3.0,1.6,,,,,Emmen,69.0,69.0,70.0,70.0,100.0,100.0,101.0,102.0,151.0,152.0,167.0,178.0,185.0,185.0,177.0,173.0,164.0,153.0,147.0,148.0,147.0,150.0,163.0,174.0,186.0,208.0,240.0,251.0
106,1996-09-02 05:20:00,Roden,53.147,6.422,3.0,2.1,,,,,Roden,80.0,,,,,,,,,,,,,,,,,,,,,,,,,,,
121,1997-01-24 04:00:00,Zuidlaren,53.079,6.678,3.0,0.6,,,,,Zuidlaren,94.0,98.0,99.0,,,,,,,,,,,,,,,,,,,,,,,,,
129,1997-04-01 00:34:00,Emmen,52.768,6.873,3.0,1.4,,,,,Emmen,69.0,69.0,70.0,70.0,100.0,100.0,101.0,102.0,151.0,152.0,167.0,178.0,185.0,185.0,177.0,173.0,164.0,153.0,147.0,148.0,147.0,150.0,163.0,174.0,186.0,208.0,240.0,251.0
148,1997-09-13 21:30:00,Loppersum,53.338,6.747,3.0,1.1,1.0,,,,Loppersum,49.0,50.0,50.0,50.0,87.0,87.0,88.0,88.0,139.0,140.0,156.0,171.0,177.0,177.0,174.0,171.0,165.0,152.0,145.0,143.0,144.0,149.0,161.0,175.0,,,,
154,1997-11-20 17:35:00,Slochteren,53.206,6.792,3.0,1.2,1.0,,,,Slochteren,62.0,62.0,63.0,64.0,107.0,108.0,109.0,109.0,170.0,171.0,183.0,200.0,205.0,210.0,204.0,195.0,189.0,184.0,185.0,187.0,187.0,,,,,,,
158,1997-12-07 07:02:00,Zuidlaren,53.075,6.702,3.0,0.3,,,,,Zuidlaren,94.0,98.0,99.0,,,,,,,,,,,,,,,,,,,,,,,,,
161,1998-01-22 10:31:00,Assen,52.984,6.547,3.5,1.1,,,,,Assen,66.0,68.0,68.0,69.0,94.0,95.0,97.0,98.0,148.0,149.0,161.0,173.0,181.0,182.0,181.0,177.0,170.0,162.0,159.0,159.0,168.0,172.0,184.0,195.0,210.0,237.0,278.0,284.0
167,1998-03-29 06:06:00,Loppersum,53.345,6.73,3.0,1.3,1.0,,,,Loppersum,49.0,50.0,50.0,50.0,87.0,87.0,88.0,88.0,139.0,140.0,156.0,171.0,177.0,177.0,174.0,171.0,165.0,152.0,145.0,143.0,144.0,149.0,161.0,175.0,,,,
168,1998-04-19 08:00:00,Loppersum,53.339,6.723,3.0,1.5,1.0,,,,Loppersum,49.0,50.0,50.0,50.0,87.0,87.0,88.0,88.0,139.0,140.0,156.0,171.0,177.0,177.0,174.0,171.0,165.0,152.0,145.0,143.0,144.0,149.0,161.0,175.0,,,,
170,1998-04-28 02:02:00,Veendam,53.107,6.865,3.0,0.4,,,,,Veendam,61.0,62.0,62.0,63.0,87.0,88.0,89.0,90.0,134.0,135.0,144.0,154.0,158.0,158.0,157.0,155.0,149.0,142.0,141.0,141.0,139.0,140.0,146.0,154.0,164.0,180.0,213.0,226.0
177,1998-09-05 20:36:00,Emmen,52.742,6.875,3.0,1.9,,,,,Emmen,69.0,69.0,70.0,70.0,100.0,100.0,101.0,102.0,151.0,152.0,167.0,178.0,185.0,185.0,177.0,173.0,164.0,153.0,147.0,148.0,147.0,150.0,163.0,174.0,186.0,208.0,240.0,251.0
190,1999-04-21 10:59:00,Appingedam,53.312,6.84,3.0,1.4,1.0,,,,Appingedam,52.0,52.0,52.0,53.0,74.0,74.0,76.0,77.0,117.0,118.0,137.0,145.0,150.0,152.0,156.0,154.0,149.0,142.0,134.0,131.0,133.0,138.0,143.0,155.0,,,,
197,1999-06-07 20:20:00,Steenbergen,53.097,6.402,3.0,1.1,,,,,Steenbergen,85.0,85.0,86.0,87.0,135.0,135.0,135.0,135.0,201.0,202.0,216.0,222.0,226.0,226.0,221.0,213.0,207.0,204.0,200.0,198.0,201.0,207.0,223.0,238.0,254.0,286.0,326.0,345.0
203,1999-10-18 18:56:00,Zuidlaren,53.078,6.718,3.0,0.4,,,,,Zuidlaren,94.0,98.0,99.0,,,,,,,,,,,,,,,,,,,,,,,,,
216,2000-02-12 19:48:00,Appingedam,53.321,6.822,3.5,1.7,1.0,,,,Appingedam,52.0,52.0,52.0,53.0,74.0,74.0,76.0,77.0,117.0,118.0,137.0,145.0,150.0,152.0,156.0,154.0,149.0,142.0,134.0,131.0,133.0,138.0,143.0,155.0,,,,
219,2000-04-01 03:13:00,Dalen,52.685,6.75,3.0,1.3,,,,,Dalen,79.0,,,,,,,,,,,,,,,,,,,,,,,,,,,
226,2000-06-12 15:48:00,Loppersum,53.34,6.742,3.0,2.5,1.0,,,,Loppersum,49.0,50.0,50.0,50.0,87.0,87.0,88.0,88.0,139.0,140.0,156.0,171.0,177.0,177.0,174.0,171.0,165.0,152.0,145.0,143.0,144.0,149.0,161.0,175.0,,,,
229,2000-07-10 15:05:00,Vries,53.064,6.575,3.0,1.0,,,,,Vries,102.0,,,,,,,,,,,,,,,,,,,,,,,,,,,
230,2000-07-13 08:41:00,Vries,53.079,6.565,3.0,1.1,,,,,Vries,102.0,,,,,,,,,,,,,,,,,,,,,,,,,,,
245,2001-05-17 07:48:00,Haren,53.173,6.612,3.0,1.4,,,,,Haren,112.0,111.0,112.0,113.0,158.0,157.0,159.0,160.0,245.0,245.0,273.0,306.0,310.0,306.0,295.0,286.0,274.0,260.0,254.0,256.0,272.0,291.0,,,,,,
249,2001-08-07 17:09:00,Veendam,53.097,6.845,3.0,0.3,,,,,Veendam,61.0,62.0,62.0,63.0,87.0,88.0,89.0,90.0,134.0,135.0,144.0,154.0,158.0,158.0,157.0,155.0,149.0,142.0,141.0,141.0,139.0,140.0,146.0,154.0,164.0,180.0,213.0,226.0
252,2001-10-10 06:41:00,Schoorl,52.682,4.648,2.9,2.7,,,,,Schoorl,138.0,138.0,139.0,139.0,,,,,,,,,,,,,,,,,,,,,,,,
253,2001-10-10 14:06:00,Slochteren,53.239,6.763,3.0,1.0,1.0,,,,Slochteren,62.0,62.0,63.0,64.0,107.0,108.0,109.0,109.0,170.0,171.0,183.0,200.0,205.0,210.0,204.0,195.0,189.0,184.0,185.0,187.0,187.0,,,,,,,
254,2001-10-10 14:06:00,Slochteren,53.24,6.763,3.0,0.8,1.0,,,,Slochteren,62.0,62.0,63.0,64.0,107.0,108.0,109.0,109.0,170.0,171.0,183.0,200.0,205.0,210.0,204.0,195.0,189.0,184.0,185.0,187.0,187.0,,,,,,,
259,2001-12-11 15:17:00,Slochteren,53.217,6.788,3.0,0.7,1.0,,,,Slochteren,62.0,62.0,63.0,64.0,107.0,108.0,109.0,109.0,170.0,171.0,183.0,200.0,205.0,210.0,204.0,195.0,189.0,184.0,185.0,187.0,187.0,,,,,,,
271,2002-06-28 03:06:00,Smilde,52.968,6.45,3.0,1.8,,,,,Smilde,64.0,,,,,,,,,,,,,,,,,,,,,,,,,,,
284,2002-12-16 12:23:00,Zuidlaren,53.092,6.718,3.0,1.4,,,,,Zuidlaren,94.0,98.0,99.0,,,,,,,,,,,,,,,,,,,,,,,,,
288,2003-01-01 19:16:00,Loppersum,53.337,6.743,3.0,1.0,1.0,,,,Loppersum,49.0,50.0,50.0,50.0,87.0,87.0,88.0,88.0,139.0,140.0,156.0,171.0,177.0,177.0,174.0,171.0,165.0,152.0,145.0,143.0,144.0,149.0,161.0,175.0,,,,
293,2003-01-31 15:20:00,Slochteren,53.232,6.782,3.0,0.3,1.0,,,,Slochteren,62.0,62.0,63.0,64.0,107.0,108.0,109.0,109.0,170.0,171.0,183.0,200.0,205.0,210.0,204.0,195.0,189.0,184.0,185.0,187.0,187.0,,,,,,,
299,2003-02-28 21:54:00,Loppersum,53.355,6.73,3.0,0.7,1.0,,,,Loppersum,49.0,50.0,50.0,50.0,87.0,87.0,88.0,88.0,139.0,140.0,156.0,171.0,177.0,177.0,174.0,171.0,165.0,152.0,145.0,143.0,144.0,149.0,161.0,175.0,,,,
312,2003-04-18 23:59:00,Slochteren,53.238,6.753,3.0,0.0,1.0,,,,Slochteren,62.0,62.0,63.0,64.0,107.0,108.0,109.0,109.0,170.0,171.0,183.0,200.0,205.0,210.0,204.0,195.0,189.0,184.0,185.0,187.0,187.0,,,,,,,
326,2003-08-05 18:45:00,Assen,52.975,6.558,3.0,1.1,,,,,Assen,66.0,68.0,68.0,69.0,94.0,95.0,97.0,98.0,148.0,149.0,161.0,173.0,181.0,182.0,181.0,177.0,170.0,162.0,159.0,159.0,168.0,172.0,184.0,195.0,210.0,237.0,278.0,284.0
344,2003-12-29 13:09:00,Delfzijl,53.343,6.938,3.0,1.5,1.0,,,,Delfzijl,47.0,47.0,48.0,49.0,77.0,77.0,78.0,78.0,116.0,118.0,133.0,144.0,148.0,148.0,145.0,142.0,138.0,131.0,124.0,121.0,121.0,126.0,131.0,138.0,,,,
347,2004-01-30 11:47:00,Appingedam,53.314,6.868,3.0,1.2,1.0,,,,Appingedam,52.0,52.0,52.0,53.0,74.0,74.0,76.0,77.0,117.0,118.0,137.0,145.0,150.0,152.0,156.0,154.0,149.0,142.0,134.0,131.0,133.0,138.0,143.0,155.0,,,,
348,2004-03-07 07:18:00,Veendam,53.103,6.845,3.0,0.2,,,,,Veendam,61.0,62.0,62.0,63.0,87.0,88.0,89.0,90.0,134.0,135.0,144.0,154.0,158.0,158.0,157.0,155.0,149.0,142.0,141.0,141.0,139.0,140.0,146.0,154.0,164.0,180.0,213.0,226.0
350,2004-03-16 23:49:00,Veendam,53.09,6.88,3.0,1.0,,,,,Veendam,61.0,62.0,62.0,63.0,87.0,88.0,89.0,90.0,134.0,135.0,144.0,154.0,158.0,158.0,157.0,155.0,149.0,142.0,141.0,141.0,139.0,140.0,146.0,154.0,164.0,180.0,213.0,226.0
356,2004-05-29 21:06:00,Winsum,53.308,6.508,3.0,0.8,,,,,Winsum,58.0,59.0,59.0,59.0,95.0,95.0,96.0,97.0,147.0,147.0,165.0,178.0,183.0,184.0,180.0,180.0,174.0,167.0,164.0,164.0,164.0,170.0,,,,,,
357,2004-05-31 00:59:00,Winsum,53.313,6.518,3.0,0.3,,,,,Winsum,58.0,59.0,59.0,59.0,95.0,95.0,96.0,97.0,147.0,147.0,165.0,178.0,183.0,184.0,180.0,180.0,174.0,167.0,164.0,164.0,164.0,170.0,,,,,,
360,2004-07-27 22:49:00,Appingedam,53.343,6.875,3.0,1.2,1.0,,,,Appingedam,52.0,52.0,52.0,53.0,74.0,74.0,76.0,77.0,117.0,118.0,137.0,145.0,150.0,152.0,156.0,154.0,149.0,142.0,134.0,131.0,133.0,138.0,143.0,155.0,,,,
374,2004-11-26 06:58:00,Loppersum,53.314,6.737,3.0,1.6,1.0,,,,Loppersum,49.0,50.0,50.0,50.0,87.0,87.0,88.0,88.0,139.0,140.0,156.0,171.0,177.0,177.0,174.0,171.0,165.0,152.0,145.0,143.0,144.0,149.0,161.0,175.0,,,,
377,2005-01-17 00:00:00,Appingedam,53.317,6.808,3.0,1.1,1.0,,,,Appingedam,52.0,52.0,52.0,53.0,74.0,74.0,76.0,77.0,117.0,118.0,137.0,145.0,150.0,152.0,156.0,154.0,149.0,142.0,134.0,131.0,133.0,138.0,143.0,155.0,,,,
378,2005-01-30 02:31:00,Ten Boer,53.277,6.692,3.0,1.0,1.0,,,,Ten Boer,66.0,67.0,67.0,68.0,97.0,98.0,98.0,98.0,158.0,158.0,174.0,185.0,194.0,195.0,192.0,187.0,183.0,174.0,165.0,165.0,169.0,175.0,,,,,,
382,2005-02-18 11:26:00,Zuidlaren,53.081,6.673,3.0,0.6,,,,,Zuidlaren,94.0,98.0,99.0,,,,,,,,,,,,,,,,,,,,,,,,,
383,2005-02-18 12:55:00,Loppersum,53.34,6.735,3.0,1.3,1.0,,,,Loppersum,49.0,50.0,50.0,50.0,87.0,87.0,88.0,88.0,139.0,140.0,156.0,171.0,177.0,177.0,174.0,171.0,165.0,152.0,145.0,143.0,144.0,149.0,161.0,175.0,,,,
388,2005-03-01 16:31:00,Delfzijl,53.326,6.922,3.0,1.2,1.0,,,,Delfzijl,47.0,47.0,48.0,49.0,77.0,77.0,78.0,78.0,116.0,118.0,133.0,144.0,148.0,148.0,145.0,142.0,138.0,131.0,124.0,121.0,121.0,126.0,131.0,138.0,,,,
392,2005-03-21 23:21:00,Buren,53.457,5.85,3.0,1.8,,,,,Buren,94.0,94.0,104.0,103.0,179.0,177.0,178.0,178.0,272.0,273.0,291.0,319.0,331.0,332.0,324.0,318.0,298.0,278.0,274.0,270.0,276.0,284.0,307.0,327.0,345.0,380.0,416.0,444.0
396,2005-04-22 00:14:00,Appingedam,53.334,6.858,3.0,0.8,1.0,,,,Appingedam,52.0,52.0,52.0,53.0,74.0,74.0,76.0,77.0,117.0,118.0,137.0,145.0,150.0,152.0,156.0,154.0,149.0,142.0,134.0,131.0,133.0,138.0,143.0,155.0,,,,
409,2005-10-12 16:06:00,Smilde,52.963,6.45,3.0,2.5,,,,,Smilde,64.0,,,,,,,,,,,,,,,,,,,,,,,,,,,
417,2006-01-20 20:22:00,Loppersum,53.336,6.74,3.0,1.3,1.0,,,,Loppersum,49.0,50.0,50.0,50.0,87.0,87.0,88.0,88.0,139.0,140.0,156.0,171.0,177.0,177.0,174.0,171.0,165.0,152.0,145.0,143.0,144.0,149.0,161.0,175.0,,,,
429,2006-04-05 01:41:00,Delfzijl,53.344,6.89,3.0,1.4,1.0,,,,Delfzijl,47.0,47.0,48.0,49.0,77.0,77.0,78.0,78.0,116.0,118.0,133.0,144.0,148.0,148.0,145.0,142.0,138.0,131.0,124.0,121.0,121.0,126.0,131.0,138.0,,,,
435,2006-04-22 03:41:00,Loppersum,53.325,6.752,3.0,1.5,1.0,,,,Loppersum,49.0,50.0,50.0,50.0,87.0,87.0,88.0,88.0,139.0,140.0,156.0,171.0,177.0,177.0,174.0,171.0,165.0,152.0,145.0,143.0,144.0,149.0,161.0,175.0,,,,
437,2006-04-23 01:18:00,Delfzijl,53.338,6.883,3.0,0.9,1.0,,,,Delfzijl,47.0,47.0,48.0,49.0,77.0,77.0,78.0,78.0,116.0,118.0,133.0,144.0,148.0,148.0,145.0,142.0,138.0,131.0,124.0,121.0,121.0,126.0,131.0,138.0,,,,
447,2006-06-17 13:16:00,Appingedam,53.33,6.852,3.0,1.4,1.0,,,,Appingedam,52.0,52.0,52.0,53.0,74.0,74.0,76.0,77.0,117.0,118.0,137.0,145.0,150.0,152.0,156.0,154.0,149.0,142.0,134.0,131.0,133.0,138.0,143.0,155.0,,,,
451,2006-07-12 22:56:00,Appingedam,53.309,6.868,3.0,1.3,1.0,,,,Appingedam,52.0,52.0,52.0,53.0,74.0,74.0,76.0,77.0,117.0,118.0,137.0,145.0,150.0,152.0,156.0,154.0,149.0,142.0,134.0,131.0,133.0,138.0,143.0,155.0,,,,
452,2006-07-16 08:10:00,Appingedam,53.303,6.867,3.0,1.5,1.0,,,,Appingedam,52.0,52.0,52.0,53.0,74.0,74.0,76.0,77.0,117.0,118.0,137.0,145.0,150.0,152.0,156.0,154.0,149.0,142.0,134.0,131.0,133.0,138.0,143.0,155.0,,,,
460,2006-10-15 20:18:00,Emmen,52.767,6.885,3.0,1.6,,,,,Emmen,69.0,69.0,70.0,70.0,100.0,100.0,101.0,102.0,151.0,152.0,167.0,178.0,185.0,185.0,177.0,173.0,164.0,153.0,147.0,148.0,147.0,150.0,163.0,174.0,186.0,208.0,240.0,251.0
462,2006-10-25 09:45:00,Delfzijl,53.325,6.923,3.0,1.4,1.0,,,,Delfzijl,47.0,47.0,48.0,49.0,77.0,77.0,78.0,78.0,116.0,118.0,133.0,144.0,148.0,148.0,145.0,142.0,138.0,131.0,124.0,121.0,121.0,126.0,131.0,138.0,,,,
468,2007-01-10 18:36:00,Appingedam,53.34,6.883,3.0,1.5,1.0,,,,Appingedam,52.0,52.0,52.0,53.0,74.0,74.0,76.0,77.0,117.0,118.0,137.0,145.0,150.0,152.0,156.0,154.0,149.0,142.0,134.0,131.0,133.0,138.0,143.0,155.0,,,,
490,2007-07-02 20:57:00,Emmen,52.767,6.875,3.0,1.4,,,,,Emmen,69.0,69.0,70.0,70.0,100.0,100.0,101.0,102.0,151.0,152.0,167.0,178.0,185.0,185.0,177.0,173.0,164.0,153.0,147.0,148.0,147.0,150.0,163.0,174.0,186.0,208.0,240.0,251.0
496,2007-10-27 01:57:00,Loppersum,53.333,6.748,3.0,2.0,1.0,,,,Loppersum,49.0,50.0,50.0,50.0,87.0,87.0,88.0,88.0,139.0,140.0,156.0,171.0,177.0,177.0,174.0,171.0,165.0,152.0,145.0,143.0,144.0,149.0,161.0,175.0,,,,
505,2008-02-17 16:35:00,Zuidlaren,53.082,6.682,3.0,1.8,,,,,Zuidlaren,94.0,98.0,99.0,,,,,,,,,,,,,,,,,,,,,,,,,
508,2008-03-29 16:57:00,Appingedam,53.292,6.842,3.0,1.4,1.0,,,,Appingedam,52.0,52.0,52.0,53.0,74.0,74.0,76.0,77.0,117.0,118.0,137.0,145.0,150.0,152.0,156.0,154.0,149.0,142.0,134.0,131.0,133.0,138.0,143.0,155.0,,,,
519,2008-05-10 23:20:00,Loppersum,53.327,6.728,3.0,1.2,1.0,,,,Loppersum,49.0,50.0,50.0,50.0,87.0,87.0,88.0,88.0,139.0,140.0,156.0,171.0,177.0,177.0,174.0,171.0,165.0,152.0,145.0,143.0,144.0,149.0,161.0,175.0,,,,
521,2008-05-19 15:07:00,Loppersum,53.325,6.74,3.0,1.9,1.0,,,,Loppersum,49.0,50.0,50.0,50.0,87.0,87.0,88.0,88.0,139.0,140.0,156.0,171.0,177.0,177.0,174.0,171.0,165.0,152.0,145.0,143.0,144.0,149.0,161.0,175.0,,,,
527,2008-06-23 13:52:00,Veendam,53.109,6.855,3.0,1.1,,,,,Veendam,61.0,62.0,62.0,63.0,87.0,88.0,89.0,90.0,134.0,135.0,144.0,154.0,158.0,158.0,157.0,155.0,149.0,142.0,141.0,141.0,139.0,140.0,146.0,154.0,164.0,180.0,213.0,226.0
530,2008-08-05 02:35:00,Emmen,52.761,6.908,3.0,2.0,,,,,Emmen,69.0,69.0,70.0,70.0,100.0,100.0,101.0,102.0,151.0,152.0,167.0,178.0,185.0,185.0,177.0,173.0,164.0,153.0,147.0,148.0,147.0,150.0,163.0,174.0,186.0,208.0,240.0,251.0
531,2008-08-23 19:49:00,Loppersum,53.33,6.725,3.0,0.9,1.0,,,,Loppersum,49.0,50.0,50.0,50.0,87.0,87.0,88.0,88.0,139.0,140.0,156.0,171.0,177.0,177.0,174.0,171.0,165.0,152.0,145.0,143.0,144.0,149.0,161.0,175.0,,,,
540,2008-10-29 16:36:00,Loppersum,53.33,6.71,3.0,1.4,1.0,,,,Loppersum,49.0,50.0,50.0,50.0,87.0,87.0,88.0,88.0,139.0,140.0,156.0,171.0,177.0,177.0,174.0,171.0,165.0,152.0,145.0,143.0,144.0,149.0,161.0,175.0,,,,
541,2008-10-30 05:54:00,Loppersum,53.337,6.72,3.0,3.2,1.0,,,,Loppersum,49.0,50.0,50.0,50.0,87.0,87.0,88.0,88.0,139.0,140.0,156.0,171.0,177.0,177.0,174.0,171.0,165.0,152.0,145.0,143.0,144.0,149.0,161.0,175.0,,,,
548,2008-12-24 03:27:00,Vries,53.065,6.582,3.0,1.2,,,,,Vries,102.0,,,,,,,,,,,,,,,,,,,,,,,,,,,
549,2009-01-01 08:34:00,Zuidlaren,53.095,6.718,3.0,1.5,,,,,Zuidlaren,94.0,98.0,99.0,,,,,,,,,,,,,,,,,,,,,,,,,
550,2009-01-01 09:35:00,Delfzijl,53.33,6.902,3.0,1.2,1.0,,,,Delfzijl,47.0,47.0,48.0,49.0,77.0,77.0,78.0,78.0,116.0,118.0,133.0,144.0,148.0,148.0,145.0,142.0,138.0,131.0,124.0,121.0,121.0,126.0,131.0,138.0,,,,
554,2009-01-15 12:41:00,Appingedam,53.339,6.872,3.0,1.0,1.0,,,,Appingedam,52.0,52.0,52.0,53.0,74.0,74.0,76.0,77.0,117.0,118.0,137.0,145.0,150.0,152.0,156.0,154.0,149.0,142.0,134.0,131.0,133.0,138.0,143.0,155.0,,,,
557,2009-02-03 06:53:00,Appingedam,53.315,6.875,3.0,1.2,1.0,,,,Appingedam,52.0,52.0,52.0,53.0,74.0,74.0,76.0,77.0,117.0,118.0,137.0,145.0,150.0,152.0,156.0,154.0,149.0,142.0,134.0,131.0,133.0,138.0,143.0,155.0,,,,
559,2009-02-05 11:56:00,Delfzijl,53.328,6.923,3.0,1.1,1.0,,,,Delfzijl,47.0,47.0,48.0,49.0,77.0,77.0,78.0,78.0,116.0,118.0,133.0,144.0,148.0,148.0,145.0,142.0,138.0,131.0,124.0,121.0,121.0,126.0,131.0,138.0,,,,
607,2009-04-16 17:12:00,Appingedam,53.313,6.845,3.0,2.6,1.0,,,,Appingedam,52.0,52.0,52.0,53.0,74.0,74.0,76.0,77.0,117.0,118.0,137.0,145.0,150.0,152.0,156.0,154.0,149.0,142.0,134.0,131.0,133.0,138.0,143.0,155.0,,,,
628,2009-11-02 02:00:00,Emmen,52.79,6.863,3.0,1.4,,,,,Emmen,69.0,69.0,70.0,70.0,100.0,100.0,101.0,102.0,151.0,152.0,167.0,178.0,185.0,185.0,177.0,173.0,164.0,153.0,147.0,148.0,147.0,150.0,163.0,174.0,186.0,208.0,240.0,251.0
631,2009-11-19 13:20:00,Assen,52.972,6.588,3.0,0.9,,,,,Assen,66.0,68.0,68.0,69.0,94.0,95.0,97.0,98.0,148.0,149.0,161.0,173.0,181.0,182.0,181.0,177.0,170.0,162.0,159.0,159.0,168.0,172.0,184.0,195.0,210.0,237.0,278.0,284.0
634,2009-12-02 08:53:00,Appingedam,53.291,6.833,3.0,1.1,1.0,,,,Appingedam,52.0,52.0,52.0,53.0,74.0,74.0,76.0,77.0,117.0,118.0,137.0,145.0,150.0,152.0,156.0,154.0,149.0,142.0,134.0,131.0,133.0,138.0,143.0,155.0,,,,
661,2010-06-10 19:57:00,Slochteren,53.226,6.652,3.0,1.1,1.0,,,,Slochteren,62.0,62.0,63.0,64.0,107.0,108.0,109.0,109.0,170.0,171.0,183.0,200.0,205.0,210.0,204.0,195.0,189.0,184.0,185.0,187.0,187.0,,,,,,,
669,2010-08-29 18:13:00,Slochteren,53.209,6.828,3.0,1.6,1.0,,,,Slochteren,62.0,62.0,63.0,64.0,107.0,108.0,109.0,109.0,170.0,171.0,183.0,200.0,205.0,210.0,204.0,195.0,189.0,184.0,185.0,187.0,187.0,,,,,,,
672,2010-10-06 20:22:00,Slochteren,53.218,6.775,3.0,0.9,1.0,,,,Slochteren,62.0,62.0,63.0,64.0,107.0,108.0,109.0,109.0,170.0,171.0,183.0,200.0,205.0,210.0,204.0,195.0,189.0,184.0,185.0,187.0,187.0,,,,,,,
674,2010-10-31 14:46:00,Appingedam,53.312,6.872,3.0,1.0,1.0,,,,Appingedam,52.0,52.0,52.0,53.0,74.0,74.0,76.0,77.0,117.0,118.0,137.0,145.0,150.0,152.0,156.0,154.0,149.0,142.0,134.0,131.0,133.0,138.0,143.0,155.0,,,,
678,2010-12-07 14:42:00,Appingedam,53.313,6.862,3.0,1.2,1.0,,,,Appingedam,52.0,52.0,52.0,53.0,74.0,74.0,76.0,77.0,117.0,118.0,137.0,145.0,150.0,152.0,156.0,154.0,149.0,142.0,134.0,131.0,133.0,138.0,143.0,155.0,,,,
679,2010-12-08 15:02:00,Loppersum,53.317,6.735,3.0,1.1,1.0,,,,Loppersum,49.0,50.0,50.0,50.0,87.0,87.0,88.0,88.0,139.0,140.0,156.0,171.0,177.0,177.0,174.0,171.0,165.0,152.0,145.0,143.0,144.0,149.0,161.0,175.0,,,,
694,2011-03-26 20:45:00,Loppersum,53.335,6.732,3.0,1.5,1.0,,,,Loppersum,49.0,50.0,50.0,50.0,87.0,87.0,88.0,88.0,139.0,140.0,156.0,171.0,177.0,177.0,174.0,171.0,165.0,152.0,145.0,143.0,144.0,149.0,161.0,175.0,,,,
700,2011-04-20 20:29:00,Veendam,53.083,6.902,3.0,0.8,,,,,Veendam,61.0,62.0,62.0,63.0,87.0,88.0,89.0,90.0,134.0,135.0,144.0,154.0,158.0,158.0,157.0,155.0,149.0,142.0,141.0,141.0,139.0,140.0,146.0,154.0,164.0,180.0,213.0,226.0
705,2011-05-05 00:04:00,Scheemda,53.174,6.932,3.0,0.8,1.0,,,,Scheemda,48.0,49.0,49.0,49.0,89.0,89.0,89.0,90.0,139.0,139.0,154.0,165.0,168.0,,,,,,,,,,,,,,,
723,2011-06-05 09:40:00,Haren,53.176,6.612,3.0,1.5,,,,,Haren,112.0,111.0,112.0,113.0,158.0,157.0,159.0,160.0,245.0,245.0,273.0,306.0,310.0,306.0,295.0,286.0,274.0,260.0,254.0,256.0,272.0,291.0,,,,,,
727,2011-06-19 20:22:00,Zuidlaren,53.072,6.705,3.0,1.1,,,,,Zuidlaren,94.0,98.0,99.0,,,,,,,,,,,,,,,,,,,,,,,,,
728,2011-06-19 20:50:00,Zuidlaren,53.075,6.703,3.0,0.3,,,,,Zuidlaren,94.0,98.0,99.0,,,,,,,,,,,,,,,,,,,,,,,,,
740,2011-07-29 22:48:00,Loppersum,53.337,6.728,3.0,1.8,1.0,,,,Loppersum,49.0,50.0,50.0,50.0,87.0,87.0,88.0,88.0,139.0,140.0,156.0,171.0,177.0,177.0,174.0,171.0,165.0,152.0,145.0,143.0,144.0,149.0,161.0,175.0,,,,
742,2011-08-02 16:44:00,Zuidlaren,53.074,6.727,3.0,1.6,,,,,Zuidlaren,94.0,98.0,99.0,,,,,,,,,,,,,,,,,,,,,,,,,
745,2011-08-20 09:39:00,Bedum,53.279,6.625,3.0,1.5,1.0,,,,Bedum,67.0,68.0,68.0,69.0,94.0,100.0,101.0,101.0,162.0,164.0,178.0,191.0,196.0,191.0,188.0,189.0,183.0,175.0,169.0,167.0,175.0,181.0,,,,,,
752,2011-09-15 00:20:00,Appingedam,53.323,6.823,3.0,1.6,1.0,,,,Appingedam,52.0,52.0,52.0,53.0,74.0,74.0,76.0,77.0,117.0,118.0,137.0,145.0,150.0,152.0,156.0,154.0,149.0,142.0,134.0,131.0,133.0,138.0,143.0,155.0,,,,
753,2011-09-22 05:54:00,Assen,52.969,6.58,3.0,0.9,,,,,Assen,66.0,68.0,68.0,69.0,94.0,95.0,97.0,98.0,148.0,149.0,161.0,173.0,181.0,182.0,181.0,177.0,170.0,162.0,159.0,159.0,168.0,172.0,184.0,195.0,210.0,237.0,278.0,284.0
754,2011-09-25 00:49:00,Loppersum,53.348,6.728,3.0,1.0,1.0,,,,Loppersum,49.0,50.0,50.0,50.0,87.0,87.0,88.0,88.0,139.0,140.0,156.0,171.0,177.0,177.0,174.0,171.0,165.0,152.0,145.0,143.0,144.0,149.0,161.0,175.0,,,,
769,2011-11-27 05:00:00,Appingedam,53.313,6.822,3.0,1.7,1.0,,,,Appingedam,52.0,52.0,52.0,53.0,74.0,74.0,76.0,77.0,117.0,118.0,137.0,145.0,150.0,152.0,156.0,154.0,149.0,142.0,134.0,131.0,133.0,138.0,143.0,155.0,,,,
776,2012-01-07 06:57:00,Zuidwolde,53.262,6.628,3.0,1.6,1.0,,,,Zuidwolde,97.0,,,,,,,,,,,,,,,,,,,,,,,,,,,
810,2012-04-18 12:07:00,Loppersum,53.341,6.733,3.0,1.2,1.0,,,,Loppersum,49.0,50.0,50.0,50.0,87.0,87.0,88.0,88.0,139.0,140.0,156.0,171.0,177.0,177.0,174.0,171.0,165.0,152.0,145.0,143.0,144.0,149.0,161.0,175.0,,,,
816,2012-05-11 00:23:00,Delfzijl,53.331,6.885,3.0,0.9,1.0,,,,Delfzijl,47.0,47.0,48.0,49.0,77.0,77.0,78.0,78.0,116.0,118.0,133.0,144.0,148.0,148.0,145.0,142.0,138.0,131.0,124.0,121.0,121.0,126.0,131.0,138.0,,,,
817,2012-05-13 16:22:00,Appingedam,53.298,6.835,3.0,0.9,1.0,,,,Appingedam,52.0,52.0,52.0,53.0,74.0,74.0,76.0,77.0,117.0,118.0,137.0,145.0,150.0,152.0,156.0,154.0,149.0,142.0,134.0,131.0,133.0,138.0,143.0,155.0,,,,
827,2012-06-21 23:44:00,Appingedam,53.319,6.813,3.0,1.1,1.0,,,,Appingedam,52.0,52.0,52.0,53.0,74.0,74.0,76.0,77.0,117.0,118.0,137.0,145.0,150.0,152.0,156.0,154.0,149.0,142.0,134.0,131.0,133.0,138.0,143.0,155.0,,,,
836,2012-07-07 00:28:00,Loppersum,53.331,6.773,3.0,0.7,1.0,,,,Loppersum,49.0,50.0,50.0,50.0,87.0,87.0,88.0,88.0,139.0,140.0,156.0,171.0,177.0,177.0,174.0,171.0,165.0,152.0,145.0,143.0,144.0,149.0,161.0,175.0,,,,
843,2012-07-30 11:36:00,Loppersum,53.34,6.73,3.0,1.3,1.0,,,,Loppersum,49.0,50.0,50.0,50.0,87.0,87.0,88.0,88.0,139.0,140.0,156.0,171.0,177.0,177.0,174.0,171.0,165.0,152.0,145.0,143.0,144.0,149.0,161.0,175.0,,,,
848,2012-08-09 23:23:00,Haren,53.183,6.613,3.0,1.5,,,,,Haren,112.0,111.0,112.0,113.0,158.0,157.0,159.0,160.0,245.0,245.0,273.0,306.0,310.0,306.0,295.0,286.0,274.0,260.0,254.0,256.0,272.0,291.0,,,,,,
855,2012-08-23 21:06:00,Appingedam,53.3,6.833,3.0,0.7,1.0,,,,Appingedam,52.0,52.0,52.0,53.0,74.0,74.0,76.0,77.0,117.0,118.0,137.0,145.0,150.0,152.0,156.0,154.0,149.0,142.0,134.0,131.0,133.0,138.0,143.0,155.0,,,,
856,2012-08-28 23:27:00,Appingedam,53.308,6.835,3.0,0.9,1.0,,,,Appingedam,52.0,52.0,52.0,53.0,74.0,74.0,76.0,77.0,117.0,118.0,137.0,145.0,150.0,152.0,156.0,154.0,149.0,142.0,134.0,131.0,133.0,138.0,143.0,155.0,,,,
871,2012-11-22 22:20:00,Appingedam,53.315,6.87,3.0,1.1,1.0,,,,Appingedam,52.0,52.0,52.0,53.0,74.0,74.0,76.0,77.0,117.0,118.0,137.0,145.0,150.0,152.0,156.0,154.0,149.0,142.0,134.0,131.0,133.0,138.0,143.0,155.0,,,,
877,2012-12-17 09:13:00,Loppersum,53.323,6.73,3.0,1.2,1.0,,,,Loppersum,49.0,50.0,50.0,50.0,87.0,87.0,88.0,88.0,139.0,140.0,156.0,171.0,177.0,177.0,174.0,171.0,165.0,152.0,145.0,143.0,144.0,149.0,161.0,175.0,,,,
880,2013-01-05 04:08:00,Appingedam,53.306,6.823,3.0,0.9,1.0,,,,Appingedam,52.0,52.0,52.0,53.0,74.0,74.0,76.0,77.0,117.0,118.0,137.0,145.0,150.0,152.0,156.0,154.0,149.0,142.0,134.0,131.0,133.0,138.0,143.0,155.0,,,,
894,2013-02-04 04:20:00,Slochteren,53.202,6.79,3.0,0.9,1.0,,,,Slochteren,62.0,62.0,63.0,64.0,107.0,108.0,109.0,109.0,170.0,171.0,183.0,200.0,205.0,210.0,204.0,195.0,189.0,184.0,185.0,187.0,187.0,,,,,,,
914,2013-03-06 11:25:00,Alkmaar,52.646,4.713,2.0,0.7,,,,,Alkmaar,64.0,65.0,65.0,65.0,114.0,114.0,116.0,117.0,178.0,178.0,184.0,196.0,205.0,209.0,205.0,204.0,193.0,181.0,181.0,182.0,188.0,202.0,221.0,243.0,261.0,287.0,342.0,359.0
923,2013-04-27 21:12:00,Loppersum,53.341,6.76,3.0,1.0,1.0,,,,Loppersum,49.0,50.0,50.0,50.0,87.0,87.0,88.0,88.0,139.0,140.0,156.0,171.0,177.0,177.0,174.0,171.0,165.0,152.0,145.0,143.0,144.0,149.0,161.0,175.0,,,,
924,2013-04-28 18:18:00,Loppersum,53.328,6.733,3.0,1.3,1.0,,,,Loppersum,49.0,50.0,50.0,50.0,87.0,87.0,88.0,88.0,139.0,140.0,156.0,171.0,177.0,177.0,174.0,171.0,165.0,152.0,145.0,143.0,144.0,149.0,161.0,175.0,,,,
931,2013-05-19 12:15:00,Appingedam,53.3,6.858,3.0,0.8,1.0,,,,Appingedam,52.0,52.0,52.0,53.0,74.0,74.0,76.0,77.0,117.0,118.0,137.0,145.0,150.0,152.0,156.0,154.0,149.0,142.0,134.0,131.0,133.0,138.0,143.0,155.0,,,,
936,2013-05-25 16:18:00,Loppersum,53.331,6.713,3.0,1.0,1.0,,,,Loppersum,49.0,50.0,50.0,50.0,87.0,87.0,88.0,88.0,139.0,140.0,156.0,171.0,177.0,177.0,174.0,171.0,165.0,152.0,145.0,143.0,144.0,149.0,161.0,175.0,,,,
941,2013-06-03 18:07:00,Appingedam,53.318,6.867,3.0,1.2,1.0,,,,Appingedam,52.0,52.0,52.0,53.0,74.0,74.0,76.0,77.0,117.0,118.0,137.0,145.0,150.0,152.0,156.0,154.0,149.0,142.0,134.0,131.0,133.0,138.0,143.0,155.0,,,,
946,2013-06-14 22:20:00,Appingedam,53.319,6.833,3.0,0.7,1.0,,,,Appingedam,52.0,52.0,52.0,53.0,74.0,74.0,76.0,77.0,117.0,118.0,137.0,145.0,150.0,152.0,156.0,154.0,149.0,142.0,134.0,131.0,133.0,138.0,143.0,155.0,,,,
949,2013-06-23 09:21:00,Appingedam,53.3,6.867,3.0,1.1,1.0,,,,Appingedam,52.0,52.0,52.0,53.0,74.0,74.0,76.0,77.0,117.0,118.0,137.0,145.0,150.0,152.0,156.0,154.0,149.0,142.0,134.0,131.0,133.0,138.0,143.0,155.0,,,,
953,2013-06-30 22:52:00,Loppersum,53.326,6.753,3.0,0.7,1.0,,,,Loppersum,49.0,50.0,50.0,50.0,87.0,87.0,88.0,88.0,139.0,140.0,156.0,171.0,177.0,177.0,174.0,171.0,165.0,152.0,145.0,143.0,144.0,149.0,161.0,175.0,,,,
957,2013-07-13 13:23:00,Appingedam,53.332,6.87,3.0,0.9,1.0,,,,Appingedam,52.0,52.0,52.0,53.0,74.0,74.0,76.0,77.0,117.0,118.0,137.0,145.0,150.0,152.0,156.0,154.0,149.0,142.0,134.0,131.0,133.0,138.0,143.0,155.0,,,,
974,2013-08-27 05:05:00,Appingedam,53.301,6.865,3.0,1.1,1.0,,,,Appingedam,52.0,52.0,52.0,53.0,74.0,74.0,76.0,77.0,117.0,118.0,137.0,145.0,150.0,152.0,156.0,154.0,149.0,142.0,134.0,131.0,133.0,138.0,143.0,155.0,,,,
977,2013-09-18 03:42:00,Appingedam,53.292,6.83,3.0,0.9,1.0,,,,Appingedam,52.0,52.0,52.0,53.0,74.0,74.0,76.0,77.0,117.0,118.0,137.0,145.0,150.0,152.0,156.0,154.0,149.0,142.0,134.0,131.0,133.0,138.0,143.0,155.0,,,,
981,2013-09-24 22:09:00,Zuidlaren,53.081,6.715,3.0,1.1,,,,,Zuidlaren,94.0,98.0,99.0,,,,,,,,,,,,,,,,,,,,,,,,,
1004,2013-11-18 13:31:00,Loppersum,53.322,6.747,3.0,1.4,1.0,,,,Loppersum,49.0,50.0,50.0,50.0,87.0,87.0,88.0,88.0,139.0,140.0,156.0,171.0,177.0,177.0,174.0,171.0,165.0,152.0,145.0,143.0,144.0,149.0,161.0,175.0,,,,
1005,2013-11-26 23:54:00,Appingedam,53.327,6.845,3.0,2.0,1.0,,,,Appingedam,52.0,52.0,52.0,53.0,74.0,74.0,76.0,77.0,117.0,118.0,137.0,145.0,150.0,152.0,156.0,154.0,149.0,142.0,134.0,131.0,133.0,138.0,143.0,155.0,,,,
1010,2013-12-20 05:12:00,Slochteren,53.213,6.823,3.0,1.3,1.0,,,,Slochteren,62.0,62.0,63.0,64.0,107.0,108.0,109.0,109.0,170.0,171.0,183.0,200.0,205.0,210.0,204.0,195.0,189.0,184.0,185.0,187.0,187.0,,,,,,,
1022,2014-02-03 06:30:00,Loppersum,53.334,6.757,3.0,1.5,1.0,,,,Loppersum,49.0,50.0,50.0,50.0,87.0,87.0,88.0,88.0,139.0,140.0,156.0,171.0,177.0,177.0,174.0,171.0,165.0,152.0,145.0,143.0,144.0,149.0,161.0,175.0,,,,
1024,2014-02-05 21:25:00,Assen,52.96,6.568,3.0,2.0,,,,,Assen,66.0,68.0,68.0,69.0,94.0,95.0,97.0,98.0,148.0,149.0,161.0,173.0,181.0,182.0,181.0,177.0,170.0,162.0,159.0,159.0,168.0,172.0,184.0,195.0,210.0,237.0,278.0,284.0
1039,2014-03-14 22:25:00,Appingedam,53.31,6.828,3.0,1.0,1.0,,,,Appingedam,52.0,52.0,52.0,53.0,74.0,74.0,76.0,77.0,117.0,118.0,137.0,145.0,150.0,152.0,156.0,154.0,149.0,142.0,134.0,131.0,133.0,138.0,143.0,155.0,,,,
1040,2014-03-15 19:09:00,Appingedam,53.306,6.873,3.0,1.9,1.0,,,,Appingedam,52.0,52.0,52.0,53.0,74.0,74.0,76.0,77.0,117.0,118.0,137.0,145.0,150.0,152.0,156.0,154.0,149.0,142.0,134.0,131.0,133.0,138.0,143.0,155.0,,,,
1042,2014-03-21 16:22:00,Slochteren,53.209,6.828,3.0,1.1,1.0,,,,Slochteren,62.0,62.0,63.0,64.0,107.0,108.0,109.0,109.0,170.0,171.0,183.0,200.0,205.0,210.0,204.0,195.0,189.0,184.0,185.0,187.0,187.0,,,,,,,
1053,2014-04-17 20:18:00,Loppersum,53.327,6.723,3.0,1.3,1.0,,,,Loppersum,49.0,50.0,50.0,50.0,87.0,87.0,88.0,88.0,139.0,140.0,156.0,171.0,177.0,177.0,174.0,171.0,165.0,152.0,145.0,143.0,144.0,149.0,161.0,175.0,,,,
1064,2014-06-29 13:40:00,Slochteren,53.213,6.822,3.0,0.7,1.0,,,,Slochteren,62.0,62.0,63.0,64.0,107.0,108.0,109.0,109.0,170.0,171.0,183.0,200.0,205.0,210.0,204.0,195.0,189.0,184.0,185.0,187.0,187.0,,,,,,,
1066,2014-07-02 17:34:00,Slochteren,53.214,6.79,3.0,2.1,1.0,,,,Slochteren,62.0,62.0,63.0,64.0,107.0,108.0,109.0,109.0,170.0,171.0,183.0,200.0,205.0,210.0,204.0,195.0,189.0,184.0,185.0,187.0,187.0,,,,,,,
1067,2014-07-06 03:07:00,Haren,53.185,6.618,3.0,0.9,,,,,Haren,112.0,111.0,112.0,113.0,158.0,157.0,159.0,160.0,245.0,245.0,273.0,306.0,310.0,306.0,295.0,286.0,274.0,260.0,254.0,256.0,272.0,291.0,,,,,,
1071,2014-07-15 16:24:00,Slochteren,53.215,6.827,3.0,0.7,1.0,,,,Slochteren,62.0,62.0,63.0,64.0,107.0,108.0,109.0,109.0,170.0,171.0,183.0,200.0,205.0,210.0,204.0,195.0,189.0,184.0,185.0,187.0,187.0,,,,,,,
1073,2014-08-09 15:55:00,Appingedam,53.323,6.835,3.0,1.3,1.0,,,,Appingedam,52.0,52.0,52.0,53.0,74.0,74.0,76.0,77.0,117.0,118.0,137.0,145.0,150.0,152.0,156.0,154.0,149.0,142.0,134.0,131.0,133.0,138.0,143.0,155.0,,,,
1074,2014-08-09 15:55:00,Appingedam,53.325,6.835,3.0,2.0,1.0,,,,Appingedam,52.0,52.0,52.0,53.0,74.0,74.0,76.0,77.0,117.0,118.0,137.0,145.0,150.0,152.0,156.0,154.0,149.0,142.0,134.0,131.0,133.0,138.0,143.0,155.0,,,,
1077,2014-08-25 10:27:00,Slochteren,53.23,6.782,3.0,0.8,1.0,,,,Slochteren,62.0,62.0,63.0,64.0,107.0,108.0,109.0,109.0,170.0,171.0,183.0,200.0,205.0,210.0,204.0,195.0,189.0,184.0,185.0,187.0,187.0,,,,,,,
1080,2014-09-01 07:53:00,Slochteren,53.197,6.813,3.0,1.6,1.0,,,,Slochteren,62.0,62.0,63.0,64.0,107.0,108.0,109.0,109.0,170.0,171.0,183.0,200.0,205.0,210.0,204.0,195.0,189.0,184.0,185.0,187.0,187.0,,,,,,,
1092,2014-11-29 20:23:00,Appingedam,53.331,6.84,3.0,1.0,1.0,,,,Appingedam,52.0,52.0,52.0,53.0,74.0,74.0,76.0,77.0,117.0,118.0,137.0,145.0,150.0,152.0,156.0,154.0,149.0,142.0,134.0,131.0,133.0,138.0,143.0,155.0,,,,
1098,2014-12-30 06:46:00,Slochteren,53.239,6.753,3.0,0.8,1.0,,,,Slochteren,62.0,62.0,63.0,64.0,107.0,108.0,109.0,109.0,170.0,171.0,183.0,200.0,205.0,210.0,204.0,195.0,189.0,184.0,185.0,187.0,187.0,,,,,,,
1114,2015-02-10 07:42:00,Loppersum,53.349,6.728,3.0,0.9,1.0,,,,Loppersum,49.0,50.0,50.0,50.0,87.0,87.0,88.0,88.0,139.0,140.0,156.0,171.0,177.0,177.0,174.0,171.0,165.0,152.0,145.0,143.0,144.0,149.0,161.0,175.0,,,,
1122,2015-02-25 10:02:00,Appingedam,53.323,6.857,3.0,2.3,1.0,,,,Appingedam,52.0,52.0,52.0,53.0,74.0,74.0,76.0,77.0,117.0,118.0,137.0,145.0,150.0,152.0,156.0,154.0,149.0,142.0,134.0,131.0,133.0,138.0,143.0,155.0,,,,
1129,2015-03-24 13:27:00,Appingedam,53.322,6.855,3.0,2.3,1.0,,,,Appingedam,52.0,52.0,52.0,53.0,74.0,74.0,76.0,77.0,117.0,118.0,137.0,145.0,150.0,152.0,156.0,154.0,149.0,142.0,134.0,131.0,133.0,138.0,143.0,155.0,,,,
1131,2015-04-05 22:28:00,Emmen,52.759,6.903,3.0,1.9,,,,,Emmen,69.0,69.0,70.0,70.0,100.0,100.0,101.0,102.0,151.0,152.0,167.0,178.0,185.0,185.0,177.0,173.0,164.0,153.0,147.0,148.0,147.0,150.0,163.0,174.0,186.0,208.0,240.0,251.0
1134,2015-04-15 00:23:00,Appingedam,53.306,6.885,3.0,0.9,1.0,,,,Appingedam,52.0,52.0,52.0,53.0,74.0,74.0,76.0,77.0,117.0,118.0,137.0,145.0,150.0,152.0,156.0,154.0,149.0,142.0,134.0,131.0,133.0,138.0,143.0,155.0,,,,
1136,2015-04-22 00:33:00,Slochteren,53.221,6.803,3.0,0.8,1.0,,,,Slochteren,62.0,62.0,63.0,64.0,107.0,108.0,109.0,109.0,170.0,171.0,183.0,200.0,205.0,210.0,204.0,195.0,189.0,184.0,185.0,187.0,187.0,,,,,,,
1142,2015-05-16 14:14:00,Appingedam,53.306,6.847,3.0,1.6,1.0,,,,Appingedam,52.0,52.0,52.0,53.0,74.0,74.0,76.0,77.0,117.0,118.0,137.0,145.0,150.0,152.0,156.0,154.0,149.0,142.0,134.0,131.0,133.0,138.0,143.0,155.0,,,,
1145,2015-06-02 23:37:00,Appingedam,53.313,6.834,3.0,0.7,1.0,,,,Appingedam,52.0,52.0,52.0,53.0,74.0,74.0,76.0,77.0,117.0,118.0,137.0,145.0,150.0,152.0,156.0,154.0,149.0,142.0,134.0,131.0,133.0,138.0,143.0,155.0,,,,
1153,2015-06-23 00:48:00,Anna Paulowna,52.858,4.821,3.0,1.5,,,,,Anna Paulowna,79.0,78.0,79.0,79.0,132.0,130.0,130.0,132.0,193.0,194.0,206.0,223.0,230.0,230.0,228.0,,,,,,,,,,,,,
1154,2015-06-23 00:49:00,Anna Paulowna,52.853,4.807,3.0,2.3,,,,,Anna Paulowna,79.0,78.0,79.0,79.0,132.0,130.0,130.0,132.0,193.0,194.0,206.0,223.0,230.0,230.0,228.0,,,,,,,,,,,,,
1157,2015-06-30 00:53:00,Ten Boer,53.276,6.685,3.0,0.5,1.0,,,,Ten Boer,66.0,67.0,67.0,68.0,97.0,98.0,98.0,98.0,158.0,158.0,174.0,185.0,194.0,195.0,192.0,187.0,183.0,174.0,165.0,165.0,169.0,175.0,,,,,,
1160,2015-07-04 11:05:00,Zuidwolde,53.261,6.617,3.0,0.6,1.0,,,,Zuidwolde,97.0,,,,,,,,,,,,,,,,,,,,,,,,,,,
1163,2015-07-07 03:09:00,Zuidwolde,53.262,6.631,3.0,2.1,1.0,,,,Zuidwolde,97.0,,,,,,,,,,,,,,,,,,,,,,,,,,,
1164,2015-07-08 02:47:00,Appingedam,53.3,6.835,3.0,0.4,1.0,,,,Appingedam,52.0,52.0,52.0,53.0,74.0,74.0,76.0,77.0,117.0,118.0,137.0,145.0,150.0,152.0,156.0,154.0,149.0,142.0,134.0,131.0,133.0,138.0,143.0,155.0,,,,
1170,2015-07-19 20:06:00,Appingedam,53.323,6.851,3.0,0.6,1.0,,,,Appingedam,52.0,52.0,52.0,53.0,74.0,74.0,76.0,77.0,117.0,118.0,137.0,145.0,150.0,152.0,156.0,154.0,149.0,142.0,134.0,131.0,133.0,138.0,143.0,155.0,,,,
1177,2015-08-07 12:27:00,Loppersum,53.339,6.759,3.0,0.8,1.0,,,,Loppersum,49.0,50.0,50.0,50.0,87.0,87.0,88.0,88.0,139.0,140.0,156.0,171.0,177.0,177.0,174.0,171.0,165.0,152.0,145.0,143.0,144.0,149.0,161.0,175.0,,,,
1190,2015-08-28 08:07:00,Slochteren,53.211,6.826,3.0,1.3,1.0,,,,Slochteren,62.0,62.0,63.0,64.0,107.0,108.0,109.0,109.0,170.0,171.0,183.0,200.0,205.0,210.0,204.0,195.0,189.0,184.0,185.0,187.0,187.0,,,,,,,
1196,2015-09-30 21:34:00,Emmen,52.778,6.88,3.0,2.3,,,,,Emmen,69.0,69.0,70.0,70.0,100.0,100.0,101.0,102.0,151.0,152.0,167.0,178.0,185.0,185.0,177.0,173.0,164.0,153.0,147.0,148.0,147.0,150.0,163.0,174.0,186.0,208.0,240.0,251.0
1197,2015-10-09 00:27:00,Appingedam,53.296,6.835,3.0,0.3,1.0,,,,Appingedam,52.0,52.0,52.0,53.0,74.0,74.0,76.0,77.0,117.0,118.0,137.0,145.0,150.0,152.0,156.0,154.0,149.0,142.0,134.0,131.0,133.0,138.0,143.0,155.0,,,,
1201,2015-10-22 21:53:00,Zuidwolde,53.262,6.582,3.0,0.5,,,,,Zuidwolde,97.0,,,,,,,,,,,,,,,,,,,,,,,,,,,
1213,2015-11-28 04:06:00,Emmen,52.766,6.924,3.0,1.2,,,,,Emmen,69.0,69.0,70.0,70.0,100.0,100.0,101.0,102.0,151.0,152.0,167.0,178.0,185.0,185.0,177.0,173.0,164.0,153.0,147.0,148.0,147.0,150.0,163.0,174.0,186.0,208.0,240.0,251.0
1218,2015-12-14 02:47:00,Emmen,52.763,6.919,3.0,1.4,,,,,Emmen,69.0,69.0,70.0,70.0,100.0,100.0,101.0,102.0,151.0,152.0,167.0,178.0,185.0,185.0,177.0,173.0,164.0,153.0,147.0,148.0,147.0,150.0,163.0,174.0,186.0,208.0,240.0,251.0
1219,2015-12-15 00:01:00,Delfzijl,53.332,6.892,3.0,1.6,1.0,,,,Delfzijl,47.0,47.0,48.0,49.0,77.0,77.0,78.0,78.0,116.0,118.0,133.0,144.0,148.0,148.0,145.0,142.0,138.0,131.0,124.0,121.0,121.0,126.0,131.0,138.0,,,,
1220,2015-12-15 07:43:00,Bedum,53.276,6.604,3.0,1.7,1.0,,,,Bedum,67.0,68.0,68.0,69.0,94.0,100.0,101.0,101.0,162.0,164.0,178.0,191.0,196.0,191.0,188.0,189.0,183.0,175.0,169.0,167.0,175.0,181.0,,,,,,
1221,2015-12-25 04:19:00,Loppersum,53.315,6.735,3.0,1.3,1.0,,,,Loppersum,49.0,50.0,50.0,50.0,87.0,87.0,88.0,88.0,139.0,140.0,156.0,171.0,177.0,177.0,174.0,171.0,165.0,152.0,145.0,143.0,144.0,149.0,161.0,175.0,,,,
1235,2016-02-19 21:48:00,Zuidwolde,53.26,6.617,3.0,1.3,1.0,,,,Zuidwolde,97.0,,,,,,,,,,,,,,,,,,,,,,,,,,,
1240,2016-03-01 07:29:00,Loppersum,53.328,6.714,3.0,0.3,1.0,,,,Loppersum,49.0,50.0,50.0,50.0,87.0,87.0,88.0,88.0,139.0,140.0,156.0,171.0,177.0,177.0,174.0,171.0,165.0,152.0,145.0,143.0,144.0,149.0,161.0,175.0,,,,
1251,2016-03-31 13:33:00,Zuidwolde,53.268,6.624,3.0,0.7,1.0,,,,Zuidwolde,97.0,,,,,,,,,,,,,,,,,,,,,,,,,,,
1261,2016-05-11 07:11:00,Bedum,53.295,6.564,3.0,0.4,,,,,Bedum,67.0,68.0,68.0,69.0,94.0,100.0,101.0,101.0,162.0,164.0,178.0,191.0,196.0,191.0,188.0,189.0,183.0,175.0,169.0,167.0,175.0,181.0,,,,,,
1318,2016-11-20 18:57:00,Appingedam,53.336,6.838,3.0,1.6,1.0,,,,Appingedam,52.0,52.0,52.0,53.0,74.0,74.0,76.0,77.0,117.0,118.0,137.0,145.0,150.0,152.0,156.0,154.0,149.0,142.0,134.0,131.0,133.0,138.0,143.0,155.0,,,,
1320,2016-11-22 17:39:00,Bedum,53.299,6.577,3.0,0.7,1.0,,,,Bedum,67.0,68.0,68.0,69.0,94.0,100.0,101.0,101.0,162.0,164.0,178.0,191.0,196.0,191.0,188.0,189.0,183.0,175.0,169.0,167.0,175.0,181.0,,,,,,
1325,2016-12-02 08:58:00,Appingedam,53.317,6.869,3.0,0.8,1.0,,,,Appingedam,52.0,52.0,52.0,53.0,74.0,74.0,76.0,77.0,117.0,118.0,137.0,145.0,150.0,152.0,156.0,154.0,149.0,142.0,134.0,131.0,133.0,138.0,143.0,155.0,,,,
1327,2016-12-05 22:11:00,Appingedam,53.339,6.838,3.0,0.1,1.0,,,,Appingedam,52.0,52.0,52.0,53.0,74.0,74.0,76.0,77.0,117.0,118.0,137.0,145.0,150.0,152.0,156.0,154.0,149.0,142.0,134.0,131.0,133.0,138.0,143.0,155.0,,,,
1328,2016-12-07 01:52:00,Loppersum,53.333,6.774,3.0,1.8,1.0,,,,Loppersum,49.0,50.0,50.0,50.0,87.0,87.0,88.0,88.0,139.0,140.0,156.0,171.0,177.0,177.0,174.0,171.0,165.0,152.0,145.0,143.0,144.0,149.0,161.0,175.0,,,,
1337,2016-12-23 14:29:00,Zuidlaren,53.083,6.712,3.0,2.4,,,,,Zuidlaren,94.0,98.0,99.0,,,,,,,,,,,,,,,,,,,,,,,,,
1360,2017-02-25 05:32:00,Loppersum,53.325,6.735,3.0,1.3,1.0,,,,Loppersum,49.0,50.0,50.0,50.0,87.0,87.0,88.0,88.0,139.0,140.0,156.0,171.0,177.0,177.0,174.0,171.0,165.0,152.0,145.0,143.0,144.0,149.0,161.0,175.0,,,,
1364,2017-03-03 00:05:00,Appingedam,53.306,6.869,3.0,0.5,1.0,,,,Appingedam,52.0,52.0,52.0,53.0,74.0,74.0,76.0,77.0,117.0,118.0,137.0,145.0,150.0,152.0,156.0,154.0,149.0,142.0,134.0,131.0,133.0,138.0,143.0,155.0,,,,
1368,2017-03-14 05:22:00,Delfzijl,53.319,6.886,3.0,1.3,1.0,,,,Delfzijl,47.0,47.0,48.0,49.0,77.0,77.0,78.0,78.0,116.0,118.0,133.0,144.0,148.0,148.0,145.0,142.0,138.0,131.0,124.0,121.0,121.0,126.0,131.0,138.0,,,,
1378,2017-04-19 17:11:00,Loppersum,53.319,6.724,3.0,0.5,1.0,,,,Loppersum,49.0,50.0,50.0,50.0,87.0,87.0,88.0,88.0,139.0,140.0,156.0,171.0,177.0,177.0,174.0,171.0,165.0,152.0,145.0,143.0,144.0,149.0,161.0,175.0,,,,
1381,2017-05-09 18:12:00,Emmen,52.767,6.909,3.0,1.6,,,,,Emmen,69.0,69.0,70.0,70.0,100.0,100.0,101.0,102.0,151.0,152.0,167.0,178.0,185.0,185.0,177.0,173.0,164.0,153.0,147.0,148.0,147.0,150.0,163.0,174.0,186.0,208.0,240.0,251.0
1385,2017-05-15 23:34:00,Zuidwolde,53.265,6.598,3.0,1.2,1.0,,,,Zuidwolde,97.0,,,,,,,,,,,,,,,,,,,,,,,,,,,
1387,2017-05-17 07:12:00,Appingedam,53.304,6.835,3.0,0.9,1.0,,,,Appingedam,52.0,52.0,52.0,53.0,74.0,74.0,76.0,77.0,117.0,118.0,137.0,145.0,150.0,152.0,156.0,154.0,149.0,142.0,134.0,131.0,133.0,138.0,143.0,155.0,,,,
1391,2017-05-27 15:29:00,Slochteren,53.211,6.834,3.0,2.6,1.0,,,,Slochteren,62.0,62.0,63.0,64.0,107.0,108.0,109.0,109.0,170.0,171.0,183.0,200.0,205.0,210.0,204.0,195.0,189.0,184.0,185.0,187.0,187.0,,,,,,,
1402,2017-07-05 23:19:00,Bedum,53.276,6.612,3.0,1.0,1.0,,,,Bedum,67.0,68.0,68.0,69.0,94.0,100.0,101.0,101.0,162.0,164.0,178.0,191.0,196.0,191.0,188.0,189.0,183.0,175.0,169.0,167.0,175.0,181.0,,,,,,
1403,2017-07-07 02:19:00,Slochteren,53.21,6.83,3.0,0.7,1.0,,,,Slochteren,62.0,62.0,63.0,64.0,107.0,108.0,109.0,109.0,170.0,171.0,183.0,200.0,205.0,210.0,204.0,195.0,189.0,184.0,185.0,187.0,187.0,,,,,,,
1404,2017-07-10 08:44:00,Loppersum,53.332,6.741,3.0,0.7,1.0,,,,Loppersum,49.0,50.0,50.0,50.0,87.0,87.0,88.0,88.0,139.0,140.0,156.0,171.0,177.0,177.0,174.0,171.0,165.0,152.0,145.0,143.0,144.0,149.0,161.0,175.0,,,,
1407,2017-07-16 21:03:00,Bedum,53.278,6.611,3.0,1.3,1.0,,,,Bedum,67.0,68.0,68.0,69.0,94.0,100.0,101.0,101.0,162.0,164.0,178.0,191.0,196.0,191.0,188.0,189.0,183.0,175.0,169.0,167.0,175.0,181.0,,,,,,
1410,2017-07-25 15:00:00,Loppersum,53.352,6.737,3.0,1.0,1.0,,,,Loppersum,49.0,50.0,50.0,50.0,87.0,87.0,88.0,88.0,139.0,140.0,156.0,171.0,177.0,177.0,174.0,171.0,165.0,152.0,145.0,143.0,144.0,149.0,161.0,175.0,,,,
1421,2017-08-29 07:40:00,Appingedam,53.322,6.822,3.0,1.8,1.0,,,,Appingedam,52.0,52.0,52.0,53.0,74.0,74.0,76.0,77.0,117.0,118.0,137.0,145.0,150.0,152.0,156.0,154.0,149.0,142.0,134.0,131.0,133.0,138.0,143.0,155.0,,,,
1425,2017-09-05 05:30:00,Appingedam,53.34,6.865,3.0,1.3,1.0,,,,Appingedam,52.0,52.0,52.0,53.0,74.0,74.0,76.0,77.0,117.0,118.0,137.0,145.0,150.0,152.0,156.0,154.0,149.0,142.0,134.0,131.0,133.0,138.0,143.0,155.0,,,,
1426,2017-09-05 06:09:00,Appingedam,53.341,6.863,3.0,1.2,1.0,,,,Appingedam,52.0,52.0,52.0,53.0,74.0,74.0,76.0,77.0,117.0,118.0,137.0,145.0,150.0,152.0,156.0,154.0,149.0,142.0,134.0,131.0,133.0,138.0,143.0,155.0,,,,
1428,2017-09-11 02:30:00,Appingedam,53.32,6.824,3.0,0.9,1.0,,,,Appingedam,52.0,52.0,52.0,53.0,74.0,74.0,76.0,77.0,117.0,118.0,137.0,145.0,150.0,152.0,156.0,154.0,149.0,142.0,134.0,131.0,133.0,138.0,143.0,155.0,,,,
1430,2017-09-20 03:56:00,Haren,53.166,6.618,3.0,1.4,,,,,Haren,112.0,111.0,112.0,113.0,158.0,157.0,159.0,160.0,245.0,245.0,273.0,306.0,310.0,306.0,295.0,286.0,274.0,260.0,254.0,256.0,272.0,291.0,,,,,,
1431,2017-09-20 05:28:00,Appingedam,53.298,6.834,3.0,1.6,1.0,,,,Appingedam,52.0,52.0,52.0,53.0,74.0,74.0,76.0,77.0,117.0,118.0,137.0,145.0,150.0,152.0,156.0,154.0,149.0,142.0,134.0,131.0,133.0,138.0,143.0,155.0,,,,
1437,2017-10-11 00:45:00,Vries,53.07,6.586,3.0,0.7,,,,,Vries,102.0,,,,,,,,,,,,,,,,,,,,,,,,,,,
1439,2017-10-16 22:59:00,Zuidwolde,53.268,6.623,3.0,0.5,1.0,,,,Zuidwolde,97.0,,,,,,,,,,,,,,,,,,,,,,,,,,,
1444,2017-11-04 01:02:00,Appingedam,53.328,6.873,3.0,0.6,1.0,,,,Appingedam,52.0,52.0,52.0,53.0,74.0,74.0,76.0,77.0,117.0,118.0,137.0,145.0,150.0,152.0,156.0,154.0,149.0,142.0,134.0,131.0,133.0,138.0,143.0,155.0,,,,
1447,2017-11-19 20:49:00,Emmen,52.755,6.899,3.0,1.6,,,,,Emmen,69.0,69.0,70.0,70.0,100.0,100.0,101.0,102.0,151.0,152.0,167.0,178.0,185.0,185.0,177.0,173.0,164.0,153.0,147.0,148.0,147.0,150.0,163.0,174.0,186.0,208.0,240.0,251.0
1450,2017-11-25 20:19:00,Schoonebeek,52.681,6.876,3.0,1.2,,,,,Schoonebeek,67.0,,,,,,,,,,,,,,,,,,,,,,,,,,,
1455,2017-12-02 09:00:00,Appingedam,53.306,6.881,3.0,1.7,1.0,,,,Appingedam,52.0,52.0,52.0,53.0,74.0,74.0,76.0,77.0,117.0,118.0,137.0,145.0,150.0,152.0,156.0,154.0,149.0,142.0,134.0,131.0,133.0,138.0,143.0,155.0,,,,
1456,2017-12-02 09:09:00,Appingedam,53.308,6.879,3.0,0.4,1.0,,,,Appingedam,52.0,52.0,52.0,53.0,74.0,74.0,76.0,77.0,117.0,118.0,137.0,145.0,150.0,152.0,156.0,154.0,149.0,142.0,134.0,131.0,133.0,138.0,143.0,155.0,,,,
1464,2017-12-24 17:49:00,Appingedam,53.305,6.833,3.0,0.7,1.0,,,,Appingedam,52.0,52.0,52.0,53.0,74.0,74.0,76.0,77.0,117.0,118.0,137.0,145.0,150.0,152.0,156.0,154.0,149.0,142.0,134.0,131.0,133.0,138.0,143.0,155.0,,,,
1476,2018-02-05 23:50:00,Loppersum,53.336,6.762,3.0,0.4,1.0,,,,Loppersum,49.0,50.0,50.0,50.0,87.0,87.0,88.0,88.0,139.0,140.0,156.0,171.0,177.0,177.0,174.0,171.0,165.0,152.0,145.0,143.0,144.0,149.0,161.0,175.0,,,,
1478,2018-02-08 15:25:00,Loppersum,53.335,6.751,3.0,2.0,1.0,,,,Loppersum,49.0,50.0,50.0,50.0,87.0,87.0,88.0,88.0,139.0,140.0,156.0,171.0,177.0,177.0,174.0,171.0,165.0,152.0,145.0,143.0,144.0,149.0,161.0,175.0,,,,
1483,2018-02-18 01:26:00,Loppersum,53.335,6.763,3.0,1.0,1.0,,,,Loppersum,49.0,50.0,50.0,50.0,87.0,87.0,88.0,88.0,139.0,140.0,156.0,171.0,177.0,177.0,174.0,171.0,165.0,152.0,145.0,143.0,144.0,149.0,161.0,175.0,,,,
1487,2018-03-01 21:34:00,Loppersum,53.326,6.76,3.0,0.9,1.0,,,,Loppersum,49.0,50.0,50.0,50.0,87.0,87.0,88.0,88.0,139.0,140.0,156.0,171.0,177.0,177.0,174.0,171.0,165.0,152.0,145.0,143.0,144.0,149.0,161.0,175.0,,,,
1488,2018-03-08 12:25:00,Veendam,53.122,6.943,3.0,0.7,1.0,,,,Veendam,61.0,62.0,62.0,63.0,87.0,88.0,89.0,90.0,134.0,135.0,144.0,154.0,158.0,158.0,157.0,155.0,149.0,142.0,141.0,141.0,139.0,140.0,146.0,154.0,164.0,180.0,213.0,226.0
1490,2018-03-10 04:13:00,Appingedam,53.314,6.861,3.0,1.3,1.0,,,,Appingedam,52.0,52.0,52.0,53.0,74.0,74.0,76.0,77.0,117.0,118.0,137.0,145.0,150.0,152.0,156.0,154.0,149.0,142.0,134.0,131.0,133.0,138.0,143.0,155.0,,,,
1497,2018-04-04 03:35:00,Loppersum,53.334,6.75,3.0,0.9,1.0,,,,Loppersum,49.0,50.0,50.0,50.0,87.0,87.0,88.0,88.0,139.0,140.0,156.0,171.0,177.0,177.0,174.0,171.0,165.0,152.0,145.0,143.0,144.0,149.0,161.0,175.0,,,,
1504,2018-04-18 03:24:00,Appingedam,53.309,6.862,3.0,0.1,1.0,,,,Appingedam,52.0,52.0,52.0,53.0,74.0,74.0,76.0,77.0,117.0,118.0,137.0,145.0,150.0,152.0,156.0,154.0,149.0,142.0,134.0,131.0,133.0,138.0,143.0,155.0,,,,
1523,2018-07-17 09:53:00,Dalen,52.711,6.727,3.0,2.0,,,,,Dalen,79.0,,,,,,,,,,,,,,,,,,,,,,,,,,,
1525,2018-07-26 22:28:00,Eelde,53.135,6.597,3.0,0.7,,,,,Eelde,100.0,,,,,,,,,,,,,,,,,,,,,,,,,,,
1527,2018-07-29 00:57:00,Veendam,53.093,6.849,3.0,0.8,,,,,Veendam,61.0,62.0,62.0,63.0,87.0,88.0,89.0,90.0,134.0,135.0,144.0,154.0,158.0,158.0,157.0,155.0,149.0,142.0,141.0,141.0,139.0,140.0,146.0,154.0,164.0,180.0,213.0,226.0
1532,2018-08-08 02:55:00,Appingedam,53.322,6.875,3.0,1.9,1.0,,,,Appingedam,52.0,52.0,52.0,53.0,74.0,74.0,76.0,77.0,117.0,118.0,137.0,145.0,150.0,152.0,156.0,154.0,149.0,142.0,134.0,131.0,133.0,138.0,143.0,155.0,,,,
1533,2018-08-09 08:01:00,Appingedam,53.324,6.877,3.0,1.8,1.0,,,,Appingedam,52.0,52.0,52.0,53.0,74.0,74.0,76.0,77.0,117.0,118.0,137.0,145.0,150.0,152.0,156.0,154.0,149.0,142.0,134.0,131.0,133.0,138.0,143.0,155.0,,,,
1534,2018-08-13 13:48:00,Slochteren,53.207,6.838,3.0,0.7,1.0,,,,Slochteren,62.0,62.0,63.0,64.0,107.0,108.0,109.0,109.0,170.0,171.0,183.0,200.0,205.0,210.0,204.0,195.0,189.0,184.0,185.0,187.0,187.0,,,,,,,
1541,2018-09-18 02:23:00,Bedum,53.297,6.566,3.0,0.7,,,,,Bedum,67.0,68.0,68.0,69.0,94.0,100.0,101.0,101.0,162.0,164.0,178.0,191.0,196.0,191.0,188.0,189.0,183.0,175.0,169.0,167.0,175.0,181.0,,,,,,
1544,2018-10-10 07:50:00,Loppersum,53.347,6.734,3.0,0.5,1.0,,,,Loppersum,49.0,50.0,50.0,50.0,87.0,87.0,88.0,88.0,139.0,140.0,156.0,171.0,177.0,177.0,174.0,171.0,165.0,152.0,145.0,143.0,144.0,149.0,161.0,175.0,,,,
1545,2018-10-10 14:00:00,Loppersum,53.347,6.732,3.0,0.5,1.0,,,,Loppersum,49.0,50.0,50.0,50.0,87.0,87.0,88.0,88.0,139.0,140.0,156.0,171.0,177.0,177.0,174.0,171.0,165.0,152.0,145.0,143.0,144.0,149.0,161.0,175.0,,,,
1548,2018-10-20 04:53:00,Appingedam,53.323,6.875,3.0,0.8,1.0,,,,Appingedam,52.0,52.0,52.0,53.0,74.0,74.0,76.0,77.0,117.0,118.0,137.0,145.0,150.0,152.0,156.0,154.0,149.0,142.0,134.0,131.0,133.0,138.0,143.0,155.0,,,,
1549,2018-10-23 14:10:00,Appingedam,53.298,6.834,3.0,0.8,1.0,,,,Appingedam,52.0,52.0,52.0,53.0,74.0,74.0,76.0,77.0,117.0,118.0,137.0,145.0,150.0,152.0,156.0,154.0,149.0,142.0,134.0,131.0,133.0,138.0,143.0,155.0,,,,
1560,2018-12-11 20:50:00,Bedum,53.277,6.617,3.0,0.6,1.0,,,,Bedum,67.0,68.0,68.0,69.0,94.0,100.0,101.0,101.0,162.0,164.0,178.0,191.0,196.0,191.0,188.0,189.0,183.0,175.0,169.0,167.0,175.0,181.0,,,,,,
1562,2018-12-19 18:55:00,Bedum,53.296,6.568,3.0,1.0,,,,,Bedum,67.0,68.0,68.0,69.0,94.0,100.0,101.0,101.0,162.0,164.0,178.0,191.0,196.0,191.0,188.0,189.0,183.0,175.0,169.0,167.0,175.0,181.0,,,,,,
1566,2019-01-07 11:12:00,Veendam,53.11,6.863,3.0,1.3,,,,,Veendam,61.0,62.0,62.0,63.0,87.0,88.0,89.0,90.0,134.0,135.0,144.0,154.0,158.0,158.0,157.0,155.0,149.0,142.0,141.0,141.0,139.0,140.0,146.0,154.0,164.0,180.0,213.0,226.0
1567,2019-01-09 02:44:00,Veendam,53.088,6.925,1.0,1.0,,,,,Veendam,61.0,62.0,62.0,63.0,87.0,88.0,89.0,90.0,134.0,135.0,144.0,154.0,158.0,158.0,157.0,155.0,149.0,142.0,141.0,141.0,139.0,140.0,146.0,154.0,164.0,180.0,213.0,226.0
1574,2019-02-19 12:15:00,Appingedam,53.291,6.839,3.0,1.6,1.0,,,,Appingedam,52.0,52.0,52.0,53.0,74.0,74.0,76.0,77.0,117.0,118.0,137.0,145.0,150.0,152.0,156.0,154.0,149.0,142.0,134.0,131.0,133.0,138.0,143.0,155.0,,,,
1576,2019-02-24 19:38:00,Loppersum,53.339,6.761,3.0,0.4,1.0,,,,Loppersum,49.0,50.0,50.0,50.0,87.0,87.0,88.0,88.0,139.0,140.0,156.0,171.0,177.0,177.0,174.0,171.0,165.0,152.0,145.0,143.0,144.0,149.0,161.0,175.0,,,,
1578,2019-03-02 11:37:00,Appingedam,53.319,6.853,3.0,0.4,1.0,,,,Appingedam,52.0,52.0,52.0,53.0,74.0,74.0,76.0,77.0,117.0,118.0,137.0,145.0,150.0,152.0,156.0,154.0,149.0,142.0,134.0,131.0,133.0,138.0,143.0,155.0,,,,
1583,2019-03-30 01:51:00,Appingedam,53.322,6.876,3.0,0.5,1.0,,,,Appingedam,52.0,52.0,52.0,53.0,74.0,74.0,76.0,77.0,117.0,118.0,137.0,145.0,150.0,152.0,156.0,154.0,149.0,142.0,134.0,131.0,133.0,138.0,143.0,155.0,,,,
1591,2019-05-03 18:21:00,Loppersum,53.33,6.711,3.0,1.0,1.0,,,,Loppersum,49.0,50.0,50.0,50.0,87.0,87.0,88.0,88.0,139.0,140.0,156.0,171.0,177.0,177.0,174.0,171.0,165.0,152.0,145.0,143.0,144.0,149.0,161.0,175.0,,,,
1592,2019-05-05 08:01:00,Loppersum,53.318,6.736,3.0,0.9,1.0,,,,Loppersum,49.0,50.0,50.0,50.0,87.0,87.0,88.0,88.0,139.0,140.0,156.0,171.0,177.0,177.0,174.0,171.0,165.0,152.0,145.0,143.0,144.0,149.0,161.0,175.0,,,,
1596,2019-05-11 13:27:00,Appingedam,53.311,6.833,3.0,1.3,1.0,,,,Appingedam,52.0,52.0,52.0,53.0,74.0,74.0,76.0,77.0,117.0,118.0,137.0,145.0,150.0,152.0,156.0,154.0,149.0,142.0,134.0,131.0,133.0,138.0,143.0,155.0,,,,
1598,2019-05-19 03:47:00,Loppersum,53.317,6.739,3.0,0.6,1.0,,,,Loppersum,49.0,50.0,50.0,50.0,87.0,87.0,88.0,88.0,139.0,140.0,156.0,171.0,177.0,177.0,174.0,171.0,165.0,152.0,145.0,143.0,144.0,149.0,161.0,175.0,,,,
1610,2019-06-13 13:37:00,Appingedam,53.304,6.833,3.0,1.9,1.0,,,,Appingedam,52.0,52.0,52.0,53.0,74.0,74.0,76.0,77.0,117.0,118.0,137.0,145.0,150.0,152.0,156.0,154.0,149.0,142.0,134.0,131.0,133.0,138.0,143.0,155.0,,,,
1611,2019-06-14 14:39:00,Bedum,53.297,6.566,3.0,0.9,,,,,Bedum,67.0,68.0,68.0,69.0,94.0,100.0,101.0,101.0,162.0,164.0,178.0,191.0,196.0,191.0,188.0,189.0,183.0,175.0,169.0,167.0,175.0,181.0,,,,,,
1638,2019-10-06 01:33:00,Loppersum,53.315,6.733,3.0,1.0,1.0,,,,Loppersum,49.0,50.0,50.0,50.0,87.0,87.0,88.0,88.0,139.0,140.0,156.0,171.0,177.0,177.0,174.0,171.0,165.0,152.0,145.0,143.0,144.0,149.0,161.0,175.0,,,,
1641,2019-10-18 00:35:00,Appingedam,53.316,6.863,3.0,0.5,1.0,,,,Appingedam,52.0,52.0,52.0,53.0,74.0,74.0,76.0,77.0,117.0,118.0,137.0,145.0,150.0,152.0,156.0,154.0,149.0,142.0,134.0,131.0,133.0,138.0,143.0,155.0,,,,
1643,2019-10-22 00:42:00,Appingedam,53.316,6.863,3.0,0.8,1.0,,,,Appingedam,52.0,52.0,52.0,53.0,74.0,74.0,76.0,77.0,117.0,118.0,137.0,145.0,150.0,152.0,156.0,154.0,149.0,142.0,134.0,131.0,133.0,138.0,143.0,155.0,,,,
1647,2019-11-28 23:50:00,Ten Boer,53.268,6.704,3.0,0.5,1.0,,,,Ten Boer,66.0,67.0,67.0,68.0,97.0,98.0,98.0,98.0,158.0,158.0,174.0,185.0,194.0,195.0,192.0,187.0,183.0,174.0,165.0,165.0,169.0,175.0,,,,,,
1649,2019-11-30 04:14:00,Zuidlaren,53.08,6.734,3.0,0.7,,,,,Zuidlaren,94.0,98.0,99.0,,,,,,,,,,,,,,,,,,,,,,,,,
1666,2020-02-29 02:46:00,Scheemda,53.164,6.962,3.0,0.3,1.0,,,,Scheemda,48.0,49.0,49.0,49.0,89.0,89.0,89.0,90.0,139.0,139.0,154.0,165.0,168.0,,,,,,,,,,,,,,,
1669,2020-03-17 07:18:00,Appingedam,53.307,6.828,3.0,0.8,1.0,25/03/2020 07:00,25/03/2020 07:00,,Appingedam,52.0,52.0,52.0,53.0,74.0,74.0,76.0,77.0,117.0,118.0,137.0,145.0,150.0,152.0,156.0,154.0,149.0,142.0,134.0,131.0,133.0,138.0,143.0,155.0,,,,
1678,2020-04-23 19:54:00,Appingedam,53.319,6.867,3.0,0.3,1.0,25/04/2020 07:00,25/04/2020 07:00,,Appingedam,52.0,52.0,52.0,53.0,74.0,74.0,76.0,77.0,117.0,118.0,137.0,145.0,150.0,152.0,156.0,154.0,149.0,142.0,134.0,131.0,133.0,138.0,143.0,155.0,,,,
1681,2020-04-28 01:51:00,Bedum,53.302,6.567,3.0,0.4,1.0,29/04/2020 07:00,29/04/2020 07:00,,Bedum,67.0,68.0,68.0,69.0,94.0,100.0,101.0,101.0,162.0,164.0,178.0,191.0,196.0,191.0,188.0,189.0,183.0,175.0,169.0,167.0,175.0,181.0,,,,,,
1683,2020-05-01 16:13:00,Haren,53.168,6.6,3.0,0.6,,02/05/2020 07:00,02/05/2020 07:00,,Haren,112.0,111.0,112.0,113.0,158.0,157.0,159.0,160.0,245.0,245.0,273.0,306.0,310.0,306.0,295.0,286.0,274.0,260.0,254.0,256.0,272.0,291.0,,,,,,
1688,2020-05-05 21:59:00,Peize,53.175,6.529,3.0,0.9,,07/05/2020 07:00,07/05/2020 07:00,,Peize,97.0,,,,,,,,,,,,,,,,,,,,,,,,,,,
1771,2020-07-03 06:49:00,Loppersum,53.335,6.749,3.0,0.7,1.0,04/07/2020 07:00,04/07/2020 07:00,,Loppersum,49.0,50.0,50.0,50.0,87.0,87.0,88.0,88.0,139.0,140.0,156.0,171.0,177.0,177.0,174.0,171.0,165.0,152.0,145.0,143.0,144.0,149.0,161.0,175.0,,,,
1772,2020-07-14 15:18:00,Loppersum,53.342,6.729,3.0,2.7,1.0,14/07/2020 20:43,14/07/2020 20:43,,Loppersum,49.0,50.0,50.0,50.0,87.0,87.0,88.0,88.0,139.0,140.0,156.0,171.0,177.0,177.0,174.0,171.0,165.0,152.0,145.0,143.0,144.0,149.0,161.0,175.0,,,,
1773,2020-07-15 06:15:00,Loppersum,53.342,6.731,3.0,0.6,1.0,16/07/2020 07:00,16/07/2020 07:00,,Loppersum,49.0,50.0,50.0,50.0,87.0,87.0,88.0,88.0,139.0,140.0,156.0,171.0,177.0,177.0,174.0,171.0,165.0,152.0,145.0,143.0,144.0,149.0,161.0,175.0,,,,
1779,2020-07-27 15:14:00,Vries,53.069,6.567,3.0,1.0,,30/07/2020 15:53,30/07/2020 15:53,,Vries,102.0,,,,,,,,,,,,,,,,,,,,,,,,,,,
1780,2020-08-21 21:58:00,Veendam,53.093,6.934,0.0,0.7,,23/08/2020 07:00,23/08/2020 07:00,,Veendam,61.0,62.0,62.0,63.0,87.0,88.0,89.0,90.0,134.0,135.0,144.0,154.0,158.0,158.0,157.0,155.0,149.0,142.0,141.0,141.0,139.0,140.0,146.0,154.0,164.0,180.0,213.0,226.0
1791,2020-10-16 21:52:00,Loppersum,53.328,6.767,3.0,1.0,1.0,17/10/2020 11:01,17/10/2020 11:01,,Loppersum,49.0,50.0,50.0,50.0,87.0,87.0,88.0,88.0,139.0,140.0,156.0,171.0,177.0,177.0,174.0,171.0,165.0,152.0,145.0,143.0,144.0,149.0,161.0,175.0,,,,
1797,2020-11-28 19:44:00,Loppersum,53.332,6.726,3.0,0.7,1.0,29/11/2020 10:00,29/11/2020 10:00,,Loppersum,49.0,50.0,50.0,50.0,87.0,87.0,88.0,88.0,139.0,140.0,156.0,171.0,177.0,177.0,174.0,171.0,165.0,152.0,145.0,143.0,144.0,149.0,161.0,175.0,,,,
1806,2021-01-27 13:26:00,Loppersum,53.335,6.76,3.0,1.9,1.0,27/01/2021 15:01,27/01/2021 15:01,,Loppersum,49.0,50.0,50.0,50.0,87.0,87.0,88.0,88.0,139.0,140.0,156.0,171.0,177.0,177.0,174.0,171.0,165.0,152.0,145.0,143.0,144.0,149.0,161.0,175.0,,,,
1812,2021-03-13 06:00:00,Loppersum,53.334,6.738,3.0,0.6,1.0,13/03/2021 09:00,13/03/2021 09:00,,Loppersum,49.0,50.0,50.0,50.0,87.0,87.0,88.0,88.0,139.0,140.0,156.0,171.0,177.0,177.0,174.0,171.0,165.0,152.0,145.0,143.0,144.0,149.0,161.0,175.0,,,,
1814,2021-03-30 20:47:00,Veendam,53.097,6.84,3.0,1.5,,31/03/2021 00:00,31/03/2021 00:00,,Veendam,61.0,62.0,62.0,63.0,87.0,88.0,89.0,90.0,134.0,135.0,144.0,154.0,158.0,158.0,157.0,155.0,149.0,142.0,141.0,141.0,139.0,140.0,146.0,154.0,164.0,180.0,213.0,226.0
1816,2021-04-02 01:41:00,Loppersum,53.32,6.717,3.0,0.8,1.0,02/04/2021 10:01,02/04/2021 10:01,,Loppersum,49.0,50.0,50.0,50.0,87.0,87.0,88.0,88.0,139.0,140.0,156.0,171.0,177.0,177.0,174.0,171.0,165.0,152.0,145.0,143.0,144.0,149.0,161.0,175.0,,,,
1821,2021-05-17 12:28:00,Loppersum,53.341,6.743,3.0,1.5,1.0,17/05/2021 15:02,17/05/2021 15:02,,Loppersum,49.0,50.0,50.0,50.0,87.0,87.0,88.0,88.0,139.0,140.0,156.0,171.0,177.0,177.0,174.0,171.0,165.0,152.0,145.0,143.0,144.0,149.0,161.0,175.0,,,,
1823,2021-05-29 02:55:00,Ten Boer,53.269,6.705,3.0,1.2,1.0,29/05/2021 09:01,29/05/2021 09:01,,Ten Boer,66.0,67.0,67.0,68.0,97.0,98.0,98.0,98.0,158.0,158.0,174.0,185.0,194.0,195.0,192.0,187.0,183.0,174.0,165.0,165.0,169.0,175.0,,,,,,
1826,2021-06-11 23:29:00,Loppersum,53.335,6.759,3.0,2.0,1.0,12/06/2021 03:00,12/06/2021 03:00,,Loppersum,49.0,50.0,50.0,50.0,87.0,87.0,88.0,88.0,139.0,140.0,156.0,171.0,177.0,177.0,174.0,171.0,165.0,152.0,145.0,143.0,144.0,149.0,161.0,175.0,,,,
1837,2021-09-05 11:44:00,Loppersum,53.334,6.755,3.0,0.3,1.0,05/09/2021 16:00,05/09/2021 16:00,,Loppersum,49.0,50.0,50.0,50.0,87.0,87.0,88.0,88.0,139.0,140.0,156.0,171.0,177.0,177.0,174.0,171.0,165.0,152.0,145.0,143.0,144.0,149.0,161.0,175.0,,,,
1838,2021-09-14 01:26:00,Delfzijl,53.327,6.915,3.0,0.4,1.0,14/09/2021 09:02,14/09/2021 09:02,,Delfzijl,47.0,47.0,48.0,49.0,77.0,77.0,78.0,78.0,116.0,118.0,133.0,144.0,148.0,148.0,145.0,142.0,138.0,131.0,124.0,121.0,121.0,126.0,131.0,138.0,,,,
1843,2021-10-04 13:33:00,Appingedam,53.302,6.829,3.0,1.8,1.0,04/10/2021 16:02,04/10/2021 16:02,,Appingedam,52.0,52.0,52.0,53.0,74.0,74.0,76.0,77.0,117.0,118.0,137.0,145.0,150.0,152.0,156.0,154.0,149.0,142.0,134.0,131.0,133.0,138.0,143.0,155.0,,,,
1870,2021-11-30 08:42:00,Appingedam,53.319,6.88,3.0,1.1,1.0,30/11/2021 11:00,30/11/2021 11:00,knmi2021xlbt,Appingedam,52.0,52.0,52.0,53.0,74.0,74.0,76.0,77.0,117.0,118.0,137.0,145.0,150.0,152.0,156.0,154.0,149.0,142.0,134.0,131.0,133.0,138.0,143.0,155.0,,,,
1881,2022-01-24 00:27:00,Loppersum,53.325,6.752,3.0,0.6,1.0,24/01/2022 08:00,24/01/2022 08:00,knmi2022bqbm,Loppersum,49.0,50.0,50.0,50.0,87.0,87.0,88.0,88.0,139.0,140.0,156.0,171.0,177.0,177.0,174.0,171.0,165.0,152.0,145.0,143.0,144.0,149.0,161.0,175.0,,,,
1887,2022-04-01 17:11:00,Loppersum,53.335,6.751,3.0,2.7,1.0,01/04/2022 20:00,01/04/2022 20:00,knmi2022gjth,Loppersum,49.0,50.0,50.0,50.0,87.0,87.0,88.0,88.0,139.0,140.0,156.0,171.0,177.0,177.0,174.0,171.0,165.0,152.0,145.0,143.0,144.0,149.0,161.0,175.0,,,,
1889,2022-04-17 06:33:00,Zuidwolde,53.263,6.625,3.0,0.6,1.0,17/04/2022 10:00,17/04/2022 10:00,knmi2022hmei,Zuidwolde,97.0,,,,,,,,,,,,,,,,,,,,,,,,,,,
1895,2022-05-10 04:15:00,Loppersum,53.328,6.752,3.0,0.6,1.0,10/05/2022 09:00,10/05/2022 09:00,knmi2022jcah,Loppersum,49.0,50.0,50.0,50.0,87.0,87.0,88.0,88.0,139.0,140.0,156.0,171.0,177.0,177.0,174.0,171.0,165.0,152.0,145.0,143.0,144.0,149.0,161.0,175.0,,,,
1902,2022-06-16 22:24:00,Veendam,53.08,6.933,1.0,0.5,,17/06/2022 16:00,17/06/2022 16:00,knmi2022lszw,Veendam,61.0,62.0,62.0,63.0,87.0,88.0,89.0,90.0,134.0,135.0,144.0,154.0,158.0,158.0,157.0,155.0,149.0,142.0,141.0,141.0,139.0,140.0,146.0,154.0,164.0,180.0,213.0,226.0
1907,2022-07-16 09:14:00,Loppersum,53.338,6.761,3.0,0.9,1.0,18/07/2022 10:00,18/07/2022 10:00,knmi2022nuux,Loppersum,49.0,50.0,50.0,50.0,87.0,87.0,88.0,88.0,139.0,140.0,156.0,171.0,177.0,177.0,174.0,171.0,165.0,152.0,145.0,143.0,144.0,149.0,161.0,175.0,,,,
1908,2022-07-25 02:33:00,Eelde,53.135,6.609,3.0,0.5,,25/07/2022 10:00,25/07/2022 10:00,knmi2022okte,Eelde,100.0,,,,,,,,,,,,,,,,,,,,,,,,,,,
1930,2022-11-03 18:29:00,Zuidwolde,53.266,6.609,3.0,0.6,1.0,04/11/2022 10:02,04/11/2022 10:02,knmi2022vomo,Zuidwolde,97.0,,,,,,,,,,,,,,,,,,,,,,,,,,,
1939,2022-12-26 16:18:00,Loppersum,53.332,6.729,3.0,1.0,1.0,26/12/2022 22:00,26/12/2022 22:00,knmi2022zhdw,Loppersum,49.0,50.0,50.0,50.0,87.0,87.0,88.0,88.0,139.0,140.0,156.0,171.0,177.0,177.0,174.0,171.0,165.0,152.0,145.0,143.0,144.0,149.0,161.0,175.0,,,,
1944,2023-01-31 14:09:00,Loppersum,53.34,6.757,3.0,1.2,1.0,31/01/2023 17:00,31/01/2023 17:00,knmi2023cdxc,Loppersum,49.0,50.0,50.0,50.0,87.0,87.0,88.0,88.0,139.0,140.0,156.0,171.0,177.0,177.0,174.0,171.0,165.0,152.0,145.0,143.0,144.0,149.0,161.0,175.0,,,,
1946,2023-02-19 17:52:00,Appingedam,53.325,6.815,3.0,0.4,1.0,21/02/2023 11:00,21/02/2023 11:00,knmi2023dmxa,Appingedam,52.0,52.0,52.0,53.0,74.0,74.0,76.0,77.0,117.0,118.0,137.0,145.0,150.0,152.0,156.0,154.0,149.0,142.0,134.0,131.0,133.0,138.0,143.0,155.0,,,,
1968,2023-07-09 01:08:00,Appingedam,53.321,6.829,3.0,1.5,1.0,09/07/2023 12:00,09/07/2023 12:00,knmi2023nhkj,Appingedam,52.0,52.0,52.0,53.0,74.0,74.0,76.0,77.0,117.0,118.0,137.0,145.0,150.0,152.0,156.0,154.0,149.0,142.0,134.0,131.0,133.0,138.0,143.0,155.0,,,,
