region,1997,1998,1999,2000,2001,2002,2003,2004,2005,2006,2007,2008,2009,2010,2011,2012,2013,2014,2015,2016,2017,2018,2019,2020,2021,2022,2023,2024
's-Graveland,124.0,122.0,122.0,122.0,202.0,,,,,,,,,,,,,,,,,,,,,,,
's-Gravendeel,79.0,80.0,80.0,81.0,122.0,125.0,127.0,128.0,190.0,192.0,,,,,,,,,,,,,,,,,,
's-Gravenhage (gemeente),63.0,63.0,63.0,64.0,96.0,100.0,102.0,103.0,166.0,167.0,182.0,199.0,211.0,213.0,210.0,207.0,199.0,188.0,184.0,188.0,197.0,212.0,233.0,262.0,285.0,311.0,354.0,363.0
's-Gravenzande,99.0,99.0,98.0,100.0,147.0,,,,,,,,,,,,,,,,,,,,,,,
's-Hertogenbosch,87.0,88.0,88.0,87.0,141.0,141.0,142.0,143.0,214.0,214.0,234.0,253.0,263.0,266.0,255.0,252.0,235.0,221.0,220.0,228.0,238.0,256.0,281.0,298.0,318.0,341.0,398.0,406.0
Aa en Hunze,,79.0,80.0,80.0,139.0,140.0,140.0,141.0,212.0,212.0,239.0,253.0,261.0,263.0,261.0,254.0,240.0,224.0,217.0,217.0,227.0,229.0,241.0,257.0,271.0,298.0,343.0,349.0
Aalburg,105.0,105.0,105.0,109.0,157.0,158.0,159.0,159.0,249.0,246.0,262.0,277.0,293.0,296.0,277.0,274.0,266.0,249.0,241.0,240.0,244.0,251.0,,,,,,
Aalsmeer,103.0,103.0,103.0,104.0,185.0,186.0,188.0,189.0,273.0,274.0,282.0,299.0,307.0,312.0,311.0,302.0,291.0,276.0,277.0,283.0,294.0,304.0,337.0,361.0,383.0,427.0,494.0,491.0
Aalten,67.0,67.0,68.0,68.0,136.0,136.0,136.0,137.0,200.0,200.0,213.0,224.0,229.0,231.0,226.0,217.0,210.0,194.0,187.0,184.0,189.0,195.0,209.0,223.0,238.0,265.0,313.0,331.0
Abcoude,141.0,145.0,146.0,146.0,238.0,238.0,239.0,238.0,359.0,360.0,388.0,415.0,426.0,435.0,,,,,,,,,,,,,,
Achtkarspelen,60.0,61.0,62.0,62.0,100.0,100.0,101.0,101.0,154.0,155.0,180.0,196.0,202.0,197.0,194.0,190.0,180.0,165.0,160.0,159.0,164.0,171.0,182.0,192.0,206.0,226.0,256.0,271.0
Akersloot,109.0,109.0,109.0,109.0,172.0,,,,,,,,,,,,,,,,,,,,,,,
Alblasserdam,70.0,71.0,72.0,72.0,117.0,118.0,119.0,120.0,179.0,184.0,201.0,217.0,225.0,222.0,219.0,215.0,205.0,194.0,190.0,194.0,198.0,204.0,217.0,234.0,252.0,274.0,324.0,343.0
Albrandswaard,98.0,96.0,97.0,96.0,154.0,153.0,157.0,157.0,241.0,241.0,261.0,275.0,284.0,287.0,280.0,277.0,266.0,254.0,246.0,248.0,254.0,266.0,286.0,311.0,332.0,366.0,431.0,447.0
Alkemade,110.0,108.0,110.0,110.0,179.0,180.0,181.0,181.0,264.0,264.0,283.0,284.0,,,,,,,,,,,,,,,,
Alkmaar,64.0,65.0,65.0,65.0,114.0,114.0,116.0,117.0,178.0,178.0,184.0,196.0,205.0,209.0,205.0,204.0,193.0,181.0,181.0,182.0,188.0,202.0,221.0,243.0,261.0,287.0,342.0,359.0
Almelo,53.0,54.0,55.0,55.0,95.0,95.0,97.0,97.0,147.0,149.0,160.0,175.0,180.0,178.0,177.0,172.0,164.0,154.0,150.0,152.0,153.0,160.0,170.0,184.0,198.0,224.0,272.0,284.0
Almere,80.0,81.0,82.0,82.0,118.0,121.0,121.0,122.0,182.0,180.0,189.0,194.0,198.0,199.0,199.0,195.0,191.0,183.0,180.0,181.0,187.0,198.0,222.0,251.0,276.0,310.0,363.0,375.0
Alphen aan den Rijn,78.0,79.0,79.0,80.0,134.0,134.0,135.0,136.0,202.0,203.0,219.0,230.0,240.0,241.0,238.0,234.0,225.0,220.0,217.0,215.0,219.0,231.0,246.0,264.0,282.0,309.0,360.0,374.0
Alphen-Chaam,122.0,122.0,122.0,123.0,202.0,202.0,204.0,204.0,312.0,311.0,326.0,338.0,348.0,344.0,330.0,322.0,302.0,290.0,289.0,289.0,297.0,307.0,333.0,351.0,372.0,402.0,441.0,458.0
Altena,,,,,,,,,,,,,,,,,,,,,,,257.0,273.0,291.0,320.0,377.0,396.0
Ambt Delden,94.0,92.0,93.0,94.0,,,,,,,,,,,,,,,,,,,,,,,,
Ambt Montfort,97.0,97.0,98.0,98.0,149.0,149.0,150.0,150.0,202.0,202.0,,,,,,,,,,,,,,,,,,
Ameland,78.0,77.0,78.0,79.0,123.0,121.0,122.0,122.0,187.0,186.0,201.0,213.0,220.0,220.0,223.0,221.0,210.0,201.0,196.0,221.0,227.0,238.0,246.0,246.0,263.0,310.0,343.0,348.0
Amerongen,121.0,121.0,120.0,120.0,177.0,,,,,,,,,,,,,,,,,,,,,,,
Amersfoort,92.0,92.0,93.0,93.0,146.0,147.0,148.0,149.0,212.0,215.0,229.0,247.0,260.0,258.0,251.0,247.0,235.0,222.0,217.0,223.0,234.0,254.0,283.0,306.0,330.0,367.0,432.0,420.0
Ammerzoden,85.0,85.0,,,,,,,,,,,,,,,,,,,,,,,,,,
Amstelveen,97.0,97.0,97.0,97.0,175.0,175.0,177.0,177.0,250.0,251.0,265.0,288.0,307.0,306.0,302.0,299.0,283.0,268.0,268.0,282.0,310.0,342.0,384.0,420.0,442.0,470.0,528.0,536.0
Amsterdam,60.0,61.0,62.0,62.0,133.0,133.0,134.0,135.0,204.0,204.0,204.0,231.0,259.0,261.0,248.0,249.0,240.0,230.0,232.0,251.0,291.0,340.0,375.0,416.0,423.0,433.0,517.0,499.0
Andijk,85.0,85.0,85.0,86.0,125.0,127.0,127.0,127.0,204.0,204.0,223.0,228.0,236.0,235.0,,,,,,,,,,,,,,
Angerlo,97.0,97.0,97.0,97.0,153.0,,,,,,,,,,,,,,,,,,,,,,,
Anloo,76.0,,,,,,,,,,,,,,,,,,,,,,,,,,,
Anna Paulowna,79.0,78.0,79.0,79.0,132.0,130.0,130.0,132.0,193.0,194.0,206.0,223.0,230.0,230.0,228.0,,,,,,,,,,,,,
Apeldoorn,85.0,85.0,85.0,86.0,143.0,144.0,145.0,146.0,216.0,217.0,236.0,253.0,257.0,258.0,247.0,240.0,225.0,208.0,203.0,204.0,209.0,223.0,245.0,263.0,278.0,306.0,378.0,382.0
Appingedam,52.0,52.0,52.0,53.0,74.0,74.0,76.0,77.0,117.0,118.0,137.0,145.0,150.0,152.0,156.0,154.0,149.0,142.0,134.0,131.0,133.0,138.0,143.0,155.0,,,,
Arcen en Velden,102.0,103.0,102.0,103.0,154.0,154.0,155.0,156.0,219.0,220.0,237.0,246.0,247.0,,,,,,,,,,,,,,,
Arnhem,69.0,69.0,69.0,69.0,111.0,112.0,112.0,112.0,167.0,166.0,180.0,189.0,199.0,202.0,192.0,190.0,183.0,173.0,169.0,169.0,175.0,187.0,206.0,221.0,240.0,265.0,323.0,336.0
Assen,66.0,68.0,68.0,69.0,94.0,95.0,97.0,98.0,148.0,149.0,161.0,173.0,181.0,182.0,181.0,177.0,170.0,162.0,159.0,159.0,168.0,172.0,184.0,195.0,210.0,237.0,278.0,284.0
Asten,85.0,86.0,88.0,89.0,187.0,188.0,192.0,189.0,257.0,256.0,281.0,306.0,317.0,320.0,310.0,296.0,288.0,275.0,260.0,259.0,267.0,,299.0,321.0,331.0,364.0,403.0,417.0
Avereest,73.0,72.0,73.0,73.0,,,,,,,,,,,,,,,,,,,,,,,,
Axel,55.0,56.0,57.0,59.0,89.0,,,,,,,,,,,,,,,,,,,,,,,
Baarle-Nassau,119.0,118.0,118.0,119.0,165.0,165.0,165.0,166.0,255.0,255.0,282.0,296.0,298.0,296.0,284.0,277.0,261.0,248.0,242.0,247.0,254.0,265.0,298.0,316.0,337.0,361.0,391.0,411.0
Baarn,118.0,118.0,118.0,118.0,190.0,190.0,190.0,191.0,280.0,280.0,308.0,332.0,345.0,347.0,338.0,327.0,307.0,290.0,278.0,281.0,292.0,306.0,316.0,343.0,373.0,410.0,471.0,491.0
Barendrecht,105.0,105.0,108.0,109.0,148.0,156.0,156.0,159.0,227.0,229.0,254.0,269.0,277.0,281.0,272.0,265.0,255.0,244.0,237.0,241.0,248.0,263.0,288.0,314.0,336.0,367.0,421.0,436.0
Barneveld,107.0,107.0,105.0,105.0,190.0,189.0,186.0,189.0,277.0,278.0,291.0,312.0,326.0,327.0,318.0,310.0,297.0,279.0,271.0,267.0,267.0,277.0,297.0,317.0,339.0,376.0,434.0,453.0
Bathmen,109.0,109.0,109.0,109.0,160.0,,,,,,,,,,,,,,,,,,,,,,,
Bedum,67.0,68.0,68.0,69.0,94.0,100.0,101.0,101.0,162.0,164.0,178.0,191.0,196.0,191.0,188.0,189.0,183.0,175.0,169.0,167.0,175.0,181.0,,,,,,
Beek (L.),96.0,96.0,95.0,95.0,147.0,147.0,147.0,148.0,191.0,191.0,200.0,212.0,218.0,212.0,199.0,194.0,188.0,184.0,178.0,185.0,188.0,192.0,205.0,223.0,238.0,252.0,293.0,295.0
Beekdaelen,,,,,,,,,,,,,,,,,,,,,,,213.0,230.0,245.0,263.0,304.0,306.0
Beemster,100.0,100.0,101.0,102.0,184.0,185.0,184.0,186.0,285.0,284.0,305.0,320.0,328.0,334.0,329.0,322.0,315.0,301.0,292.0,293.0,303.0,323.0,369.0,405.0,429.0,,,
Beesel,89.0,90.0,90.0,90.0,137.0,138.0,138.0,138.0,182.0,183.0,191.0,207.0,213.0,213.0,205.0,201.0,195.0,186.0,178.0,185.0,186.0,194.0,201.0,220.0,238.0,251.0,291.0,297.0
Beilen,72.0,,,,,,,,,,,,,,,,,,,,,,,,,,,
Belfeld,85.0,85.0,86.0,85.0,,,,,,,,,,,,,,,,,,,,,,,,
Bellingwedde,63.0,64.0,65.0,65.0,93.0,93.0,94.0,95.0,154.0,154.0,173.0,183.0,188.0,189.0,189.0,182.0,169.0,162.0,158.0,160.0,163.0,,,,,,,
Bemmel,102.0,102.0,103.0,100.0,147.0,,,,,,,,,,,,,,,,,,,,,,,
Bennebroek,144.0,144.0,145.0,146.0,230.0,232.0,233.0,234.0,360.0,361.0,379.0,406.0,,,,,,,,,,,,,,,,
Berg en Dal,,,,,,,,,,,,,,,,,,,,216.0,218.0,227.0,244.0,259.0,276.0,304.0,349.0,371.0
Bergambacht,97.0,98.0,98.0,99.0,182.0,182.0,183.0,184.0,266.0,268.0,290.0,305.0,316.0,319.0,306.0,302.0,294.0,271.0,,,,,,,,,,
Bergeijk,,,101.0,102.0,195.0,195.0,194.0,195.0,293.0,295.0,315.0,335.0,344.0,340.0,328.0,320.0,308.0,290.0,271.0,270.0,279.0,288.0,311.0,325.0,346.0,385.0,432.0,474.0
Bergen (L.),92.0,92.0,93.0,93.0,150.0,151.0,152.0,151.0,215.0,217.0,234.0,249.0,249.0,247.0,235.0,220.0,212.0,208.0,200.0,202.0,204.0,208.0,229.0,247.0,262.0,281.0,327.0,333.0
Bergen (NH.),161.0,161.0,160.0,161.0,225.0,225.0,225.0,225.0,328.0,327.0,349.0,385.0,397.0,397.0,394.0,388.0,369.0,349.0,346.0,347.0,355.0,374.0,381.0,414.0,439.0,478.0,548.0,580.0
Bergen op Zoom,78.0,78.0,79.0,79.0,111.0,112.0,112.0,112.0,174.0,174.0,194.0,208.0,215.0,216.0,211.0,208.0,202.0,195.0,193.0,196.0,201.0,206.0,221.0,233.0,249.0,270.0,304.0,312.0
Bergeyk,101.0,101.0,,,,,,,,,,,,,,,,,,,,,,,,,,
Bergh,77.0,77.0,78.0,79.0,147.0,,,,,,,,,,,,,,,,,,,,,,,
Bergschenhoek,125.0,126.0,124.0,127.0,184.0,178.0,186.0,185.0,275.0,274.0,,,,,,,,,,,,,,,,,,
Berkel en Rodenrijs,111.0,110.0,111.0,112.0,158.0,158.0,156.0,170.0,234.0,226.0,,,,,,,,,,,,,,,,,,
Berkelland,,,,,,,,,208.0,209.0,223.0,236.0,241.0,244.0,238.0,227.0,216.0,203.0,198.0,198.0,205.0,215.0,241.0,255.0,273.0,298.0,357.0,370.0
Bernheze,96.0,96.0,97.0,97.0,176.0,177.0,177.0,178.0,276.0,277.0,299.0,318.0,320.0,330.0,324.0,306.0,294.0,277.0,267.0,266.0,272.0,,306.0,326.0,333.0,374.0,428.0,457.0
Bernisse,70.0,70.0,71.0,72.0,142.0,143.0,143.0,144.0,208.0,209.0,232.0,247.0,258.0,258.0,253.0,250.0,246.0,230.0,,,,,,,,,,
Best,87.0,88.0,89.0,90.0,164.0,166.0,168.0,170.0,255.0,257.0,275.0,297.0,307.0,308.0,303.0,293.0,280.0,261.0,252.0,251.0,263.0,272.0,292.0,308.0,321.0,359.0,404.0,428.0
Beuningen,90.0,92.0,93.0,94.0,154.0,155.0,155.0,156.0,232.0,233.0,249.0,268.0,274.0,275.0,271.0,264.0,252.0,230.0,223.0,223.0,225.0,235.0,251.0,271.0,291.0,329.0,377.0,391.0
Beverwijk,72.0,72.0,73.0,73.0,107.0,107.0,111.0,113.0,179.0,178.0,190.0,199.0,202.0,205.0,200.0,196.0,191.0,179.0,176.0,176.0,183.0,194.0,214.0,239.0,259.0,286.0,341.0,336.0
Binnenmaas,92.0,93.0,94.0,95.0,148.0,148.0,149.0,151.0,230.0,231.0,241.0,260.0,268.0,269.0,259.0,255.0,246.0,231.0,223.0,226.0,230.0,238.0,,,,,,
Bladel,103.0,102.0,102.0,103.0,179.0,180.0,180.0,180.0,266.0,267.0,282.0,307.0,315.0,318.0,300.0,291.0,282.0,272.0,263.0,259.0,268.0,278.0,293.0,310.0,331.0,366.0,409.0,434.0
Blaricum,181.0,182.0,183.0,184.0,359.0,359.0,359.0,363.0,515.0,518.0,535.0,590.0,636.0,633.0,619.0,589.0,557.0,529.0,512.0,504.0,527.0,575.0,590.0,636.0,686.0,730.0,843.0,858.0
Bleiswijk,105.0,105.0,105.0,105.0,161.0,163.0,167.0,168.0,254.0,255.0,,,,,,,,,,,,,,,,,,
Bloemendaal,205.0,204.0,207.0,208.0,363.0,363.0,362.0,361.0,565.0,565.0,624.0,702.0,668.0,672.0,653.0,626.0,591.0,548.0,529.0,552.0,586.0,637.0,681.0,735.0,775.0,829.0,930.0,905.0
Boarnsterhim,55.0,55.0,56.0,57.0,107.0,108.0,110.0,111.0,168.0,168.0,186.0,201.0,206.0,200.0,198.0,195.0,184.0,,,,,,,,,,,
Bodegraven,90.0,90.0,91.0,91.0,158.0,158.0,158.0,159.0,237.0,237.0,252.0,270.0,279.0,280.0,,,,,,,,,,,,,,
Bodegraven-Reeuwijk,,,,,,,,,,,,,,,312.0,302.0,290.0,276.0,267.0,264.0,270.0,278.0,307.0,330.0,352.0,381.0,434.0,449.0
Boekel,113.0,112.0,113.0,113.0,169.0,169.0,169.0,170.0,267.0,268.0,291.0,310.0,314.0,313.0,300.0,292.0,280.0,261.0,248.0,245.0,252.0,261.0,285.0,304.0,309.0,344.0,398.0,417.0
Bolsward,55.0,56.0,56.0,56.0,84.0,86.0,87.0,87.0,142.0,144.0,164.0,180.0,184.0,181.0,,,,,,,,,,,,,,
Borculo,91.0,92.0,92.0,93.0,136.0,,,,,,,,,,,,,,,,,,,,,,,
Borger,66.0,,,,,,,,,,,,,,,,,,,,,,,,,,,
Borger-Odoorn,,72.0,73.0,73.0,119.0,120.0,121.0,122.0,181.0,182.0,192.0,202.0,207.0,210.0,207.0,204.0,195.0,180.0,173.0,168.0,175.0,183.0,197.0,209.0,227.0,253.0,297.0,304.0
Born,94.0,94.0,94.0,95.0,,,,,,,,,,,,,,,,,,,,,,,,
Borne,91.0,92.0,92.0,92.0,138.0,138.0,139.0,139.0,208.0,209.0,227.0,235.0,240.0,238.0,232.0,224.0,220.0,208.0,205.0,204.0,209.0,225.0,246.0,261.0,280.0,313.0,370.0,394.0
Borsele,80.0,79.0,80.0,80.0,108.0,109.0,110.0,110.0,183.0,182.0,211.0,231.0,231.0,229.0,227.0,221.0,218.0,209.0,206.0,205.0,208.0,211.0,222.0,232.0,242.0,264.0,295.0,319.0
Boskoop,104.0,105.0,105.0,104.0,154.0,155.0,156.0,156.0,219.0,219.0,237.0,253.0,258.0,261.0,253.0,249.0,239.0,,,,,,,,,,,
Boxmeer,96.0,98.0,98.0,98.0,158.0,158.0,159.0,160.0,237.0,239.0,265.0,282.0,289.0,293.0,284.0,274.0,264.0,250.0,240.0,236.0,239.0,239.0,250.0,256.0,266.0,,,
Boxtel,92.0,92.0,93.0,93.0,153.0,153.0,154.0,154.0,241.0,241.0,262.0,276.0,283.0,285.0,279.0,267.0,258.0,242.0,236.0,235.0,238.0,244.0,267.0,284.0,298.0,324.0,376.0,381.0
Brakel,80.0,80.0,,,,,,,,,,,,,,,,,,,,,,,,,,
Breda,80.0,80.0,80.0,81.0,135.0,136.0,137.0,137.0,209.0,210.0,225.0,243.0,252.0,255.0,250.0,247.0,237.0,223.0,224.0,221.0,234.0,250.0,271.0,292.0,313.0,336.0,382.0,390.0
Brederwiede,65.0,65.0,67.0,68.0,,,,,,,,,,,,,,,,,,,,,,,,
Breukelen,108.0,108.0,108.0,109.0,186.0,186.0,187.0,188.0,272.0,272.0,302.0,320.0,333.0,338.0,,,,,,,,,,,,,,
Brielle,72.0,72.0,72.0,72.0,140.0,140.0,141.0,142.0,212.0,212.0,234.0,251.0,262.0,267.0,257.0,255.0,241.0,225.0,214.0,214.0,216.0,222.0,237.0,258.0,277.0,306.0,,
Broekhuizen,87.0,88.0,89.0,89.0,,,,,,,,,,,,,,,,,,,,,,,,
Bronckhorst,,,,,,,,,248.0,250.0,272.0,286.0,293.0,297.0,293.0,283.0,270.0,254.0,243.0,239.0,243.0,254.0,272.0,290.0,303.0,349.0,419.0,438.0
Brummen,94.0,100.0,100.0,100.0,157.0,157.0,158.0,158.0,246.0,247.0,261.0,275.0,279.0,282.0,277.0,264.0,251.0,240.0,232.0,232.0,236.0,243.0,253.0,265.0,279.0,310.0,372.0,384.0
Brunssum,65.0,66.0,62.0,66.0,109.0,111.0,112.0,113.0,143.0,144.0,154.0,154.0,154.0,156.0,150.0,147.0,141.0,133.0,128.0,131.0,135.0,140.0,148.0,161.0,172.0,188.0,222.0,224.0
Budel,111.0,110.0,,,,,,,,,,,,,,,,,,,,,,,,,,
Bunnik,122.0,122.0,122.0,122.0,185.0,185.0,186.0,185.0,263.0,264.0,286.0,323.0,336.0,337.0,327.0,318.0,295.0,271.0,272.0,274.0,293.0,319.0,350.0,382.0,407.0,435.0,530.0,523.0
Bunschoten,104.0,105.0,105.0,105.0,165.0,165.0,166.0,167.0,244.0,244.0,255.0,268.0,275.0,275.0,272.0,270.0,263.0,250.0,247.0,253.0,261.0,276.0,293.0,314.0,340.0,374.0,420.0,439.0
Buren,94.0,94.0,104.0,103.0,179.0,177.0,178.0,178.0,272.0,273.0,291.0,319.0,331.0,332.0,324.0,318.0,298.0,278.0,274.0,270.0,276.0,284.0,307.0,327.0,345.0,380.0,416.0,444.0
Bussum,104.0,104.0,105.0,105.0,208.0,208.0,208.0,208.0,315.0,316.0,328.0,360.0,379.0,394.0,381.0,372.0,357.0,336.0,322.0,,,,,,,,,
Capelle aan den IJssel,80.0,81.0,82.0,82.0,117.0,117.0,117.0,119.0,179.0,180.0,189.0,200.0,205.0,203.0,196.0,193.0,188.0,176.0,171.0,172.0,178.0,189.0,204.0,229.0,246.0,270.0,310.0,350.0
Castricum,99.0,99.0,99.0,98.0,168.0,173.0,174.0,175.0,264.0,264.0,280.0,301.0,308.0,307.0,298.0,287.0,277.0,258.0,251.0,253.0,266.0,279.0,313.0,340.0,370.0,405.0,478.0,485.0
Coevorden,57.0,71.0,71.0,72.0,117.0,117.0,118.0,118.0,178.0,178.0,189.0,204.0,213.0,213.0,212.0,208.0,202.0,191.0,187.0,185.0,187.0,192.0,203.0,214.0,225.0,250.0,287.0,297.0
Cranendonck,,,110.0,111.0,175.0,175.0,175.0,176.0,251.0,251.0,261.0,281.0,286.0,287.0,273.0,267.0,252.0,240.0,231.0,233.0,237.0,244.0,262.0,279.0,296.0,328.0,354.0,372.0
Cromstrijen,91.0,91.0,92.0,92.0,140.0,141.0,143.0,144.0,217.0,219.0,243.0,258.0,268.0,270.0,262.0,258.0,251.0,237.0,229.0,231.0,231.0,238.0,,,,,,
Cuijk,84.0,85.0,86.0,85.0,138.0,138.0,139.0,140.0,207.0,208.0,227.0,241.0,248.0,248.0,236.0,232.0,226.0,212.0,204.0,200.0,205.0,211.0,225.0,238.0,256.0,,,
Culemborg,94.0,95.0,94.0,94.0,135.0,136.0,136.0,138.0,203.0,204.0,223.0,242.0,247.0,251.0,247.0,244.0,236.0,219.0,213.0,214.0,216.0,223.0,235.0,253.0,275.0,309.0,369.0,388.0
Dalen,79.0,,,,,,,,,,,,,,,,,,,,,,,,,,,
Dalfsen,84.0,84.0,85.0,85.0,160.0,161.0,162.0,162.0,251.0,251.0,270.0,288.0,296.0,295.0,291.0,283.0,271.0,255.0,247.0,251.0,276.0,272.0,294.0,312.0,329.0,356.0,399.0,430.0
Dantumadeel,70.0,71.0,71.0,72.0,103.0,103.0,104.0,105.0,163.0,164.0,177.0,192.0,,,,,,,,,,,,,,,,
Dantumadiel,,,,,,,,,,,,,199.0,200.0,198.0,195.0,181.0,168.0,163.0,165.0,169.0,174.0,184.0,193.0,214.0,247.0,291.0,309.0
De Bilt,125.0,125.0,126.0,126.0,218.0,218.0,219.0,219.0,324.0,326.0,344.0,374.0,392.0,393.0,384.0,378.0,361.0,337.0,325.0,327.0,340.0,359.0,394.0,421.0,446.0,473.0,580.0,580.0
De Friese Meren,,,,,,,,,,,,,,,,,,204.0,195.0,,,,,,,,,
De Fryske Marren,,,,,,,,,,,,,,,,,,,,193.0,197.0,205.0,227.0,239.0,258.0,283.0,323.0,341.0
De Lier,98.0,99.0,100.0,101.0,149.0,,,,,,,,,,,,,,,,,,,,,,,
De Marne,46.0,47.0,47.0,47.0,80.0,80.0,81.0,81.0,128.0,128.0,144.0,157.0,164.0,161.0,160.0,159.0,156.0,145.0,142.0,140.0,139.0,142.0,,,,,,
De Ronde Venen,117.0,117.0,113.0,114.0,184.0,185.0,185.0,186.0,273.0,270.0,295.0,310.0,317.0,319.0,337.0,330.0,315.0,300.0,299.0,302.0,313.0,322.0,348.0,378.0,399.0,440.0,516.0,516.0
De Wijk,77.0,,,,,,,,,,,,,,,,,,,,,,,,,,,
De Wolden,,91.0,92.0,93.0,158.0,159.0,160.0,160.0,236.0,237.0,262.0,277.0,286.0,288.0,281.0,274.0,264.0,251.0,243.0,242.0,252.0,256.0,266.0,279.0,294.0,325.0,378.0,396.0
Delft,65.0,64.0,65.0,65.0,114.0,114.0,115.0,115.0,172.0,171.0,179.0,191.0,197.0,198.0,195.0,196.0,190.0,181.0,177.0,179.0,192.0,191.0,211.0,241.0,263.0,288.0,322.0,336.0
Delfzijl,47.0,47.0,48.0,49.0,77.0,77.0,78.0,78.0,116.0,118.0,133.0,144.0,148.0,148.0,145.0,142.0,138.0,131.0,124.0,121.0,121.0,126.0,131.0,138.0,,,,
Den Ham,81.0,81.0,81.0,82.0,,,,,,,,,,,,,,,,,,,,,,,,
Den Helder,50.0,50.0,51.0,51.0,83.0,83.0,84.0,84.0,144.0,145.0,153.0,163.0,163.0,162.0,162.0,159.0,155.0,147.0,142.0,142.0,142.0,146.0,153.0,161.0,171.0,185.0,223.0,242.0
Denekamp,101.0,101.0,101.0,102.0,155.0,,,,,,,,,,,,,,,,,,,,,,,
Deurne,97.0,96.0,96.0,96.0,163.0,164.0,165.0,167.0,251.0,252.0,269.0,294.0,309.0,311.0,302.0,290.0,277.0,255.0,241.0,240.0,275.0,252.0,275.0,297.0,304.0,340.0,387.0,397.0
Deventer,59.0,63.0,70.0,70.0,108.0,109.0,111.0,111.0,177.0,178.0,191.0,199.0,208.0,212.0,210.0,206.0,200.0,191.0,184.0,183.0,187.0,194.0,210.0,225.0,242.0,272.0,324.0,342.0
Didam,96.0,96.0,97.0,98.0,161.0,,,,,,,,,,,,,,,,,,,,,,,
Diemen,89.0,89.0,89.0,89.0,151.0,151.0,151.0,151.0,223.0,222.0,229.0,245.0,242.0,243.0,239.0,236.0,230.0,201.0,201.0,203.0,206.0,235.0,275.0,307.0,330.0,365.0,429.0,428.0
Diepenheim,94.0,94.0,95.0,96.0,,,,,,,,,,,,,,,,,,,,,,,,
Diepenveen,120.0,120.0,,,,,,,,,,,,,,,,,,,,,,,,,,
Diever,78.0,,,,,,,,,,,,,,,,,,,,,,,,,,,
Dinkelland,,,,,,,156.0,158.0,240.0,240.0,258.0,274.0,283.0,283.0,278.0,271.0,262.0,247.0,240.0,239.0,246.0,254.0,284.0,298.0,312.0,340.0,379.0,413.0
Dinxperlo,93.0,93.0,94.0,95.0,149.0,,,,,,,,,,,,,,,,,,,,,,,
Dirksland,78.0,79.0,80.0,80.0,120.0,120.0,121.0,120.0,179.0,180.0,208.0,225.0,234.0,237.0,228.0,225.0,,,,,,,,,,,,
Dodewaard,91.0,91.0,94.0,94.0,158.0,,,,,,,,,,,,,,,,,,,,,,,
Doesburg,64.0,64.0,66.0,67.0,132.0,132.0,132.0,132.0,194.0,198.0,209.0,222.0,223.0,228.0,215.0,209.0,201.0,190.0,183.0,184.0,185.0,190.0,199.0,211.0,229.0,253.0,287.0,298.0
Doetinchem,85.0,86.0,86.0,86.0,127.0,129.0,130.0,130.0,201.0,201.0,219.0,232.0,237.0,237.0,229.0,221.0,209.0,194.0,183.0,186.0,189.0,194.0,209.0,220.0,235.0,259.0,303.0,313.0
Dongen,99.0,99.0,100.0,99.0,141.0,141.0,141.0,140.0,220.0,219.0,236.0,251.0,257.0,259.0,253.0,247.0,239.0,226.0,222.0,221.0,224.0,232.0,248.0,266.0,283.0,305.0,342.0,353.0
Dongeradeel,47.0,47.0,48.0,49.0,89.0,90.0,91.0,92.0,136.0,137.0,159.0,175.0,180.0,176.0,172.0,167.0,158.0,149.0,145.0,143.0,146.0,150.0,,,,,,
Doorn,130.0,128.0,128.0,128.0,208.0,,,,,,,,,,,,,,,,,,,,,,,
Dordrecht,67.0,67.0,68.0,69.0,101.0,101.0,100.0,101.0,147.0,148.0,161.0,179.0,188.0,190.0,181.0,176.0,171.0,159.0,153.0,158.0,162.0,173.0,188.0,207.0,226.0,248.0,296.0,310.0
Drechterland,88.0,89.0,90.0,91.0,138.0,136.0,138.0,139.0,219.0,232.0,237.0,253.0,260.0,260.0,258.0,253.0,245.0,230.0,224.0,229.0,230.0,244.0,264.0,283.0,305.0,337.0,399.0,413.0
Drenthe (PV),73.0,74.0,74.0,75.0,116.0,117.0,118.0,118.0,176.0,177.0,193.0,206.0,214.0,215.0,211.0,207.0,198.0,186.0,181.0,180.0,185.0,190.0,203.0,215.0,230.0,255.0,295.0,307.0
Driebergen-Rijsenburg,106.0,106.0,106.0,106.0,195.0,,,,,,,,,,,,,,,,,,,,,,,
Drimmelen,,,90.0,91.0,152.0,153.0,154.0,154.0,237.0,237.0,258.0,269.0,279.0,278.0,263.0,259.0,249.0,233.0,227.0,229.0,235.0,242.0,257.0,272.0,294.0,336.0,373.0,413.0
Dronten,86.0,87.0,88.0,89.0,126.0,127.0,128.0,129.0,197.0,198.0,211.0,218.0,226.0,223.0,217.0,213.0,206.0,194.0,191.0,193.0,197.0,206.0,230.0,244.0,260.0,284.0,337.0,354.0
Druten,89.0,89.0,89.0,90.0,142.0,142.0,144.0,144.0,218.0,223.0,241.0,257.0,272.0,271.0,264.0,257.0,245.0,229.0,223.0,219.0,218.0,226.0,243.0,262.0,280.0,313.0,347.0,368.0
Duiven,94.0,96.0,95.0,96.0,144.0,145.0,145.0,145.0,218.0,218.0,233.0,243.0,249.0,250.0,242.0,233.0,224.0,210.0,202.0,198.0,202.0,209.0,226.0,244.0,262.0,291.0,346.0,354.0
Dwingeloo,100.0,,,,,,,,,,,,,,,,,,,,,,,,,,,
Echt,97.0,95.0,96.0,96.0,146.0,,,,,,,,,,,,,,,,,,,,,,,
Echt-Susteren,,,,,,,146.0,147.0,197.0,198.0,204.0,213.0,219.0,219.0,214.0,208.0,202.0,195.0,187.0,192.0,192.0,203.0,215.0,231.0,248.0,260.0,303.0,303.0
Echteld,100.0,101.0,102.0,102.0,157.0,,,,,,,,,,,,,,,,,,,,,,,
Edam-Volendam,74.0,75.0,76.0,76.0,146.0,147.0,149.0,150.0,227.0,228.0,243.0,291.0,305.0,307.0,296.0,284.0,260.0,238.0,224.0,231.0,238.0,252.0,279.0,306.0,329.0,363.0,402.0,409.0
Ede,89.0,89.0,89.0,89.0,161.0,163.0,163.0,162.0,235.0,235.0,254.0,279.0,289.0,292.0,275.0,266.0,254.0,232.0,226.0,226.0,234.0,244.0,271.0,291.0,310.0,335.0,387.0,414.0
Eelde,100.0,,,,,,,,,,,,,,,,,,,,,,,,,,,
Eemnes,109.0,109.0,108.0,108.0,189.0,190.0,192.0,190.0,291.0,290.0,299.0,319.0,333.0,332.0,326.0,321.0,303.0,290.0,281.0,283.0,289.0,322.0,344.0,378.0,409.0,444.0,518.0,526.0
Eemsmond,46.0,47.0,47.0,47.0,79.0,79.0,80.0,80.0,126.0,126.0,142.0,151.0,159.0,165.0,164.0,162.0,160.0,153.0,145.0,139.0,144.0,145.0,,,,,,
Eersel,121.0,119.0,119.0,119.0,192.0,193.0,193.0,194.0,283.0,283.0,327.0,344.0,357.0,355.0,341.0,334.0,316.0,297.0,285.0,281.0,288.0,295.0,308.0,327.0,348.0,397.0,448.0,485.0
Egmond,105.0,103.0,105.0,105.0,,,,,,,,,,,,,,,,,,,,,,,,
Eibergen,76.0,77.0,77.0,78.0,136.0,,,,,,,,,,,,,,,,,,,,,,,
Eijsden,103.0,103.0,104.0,105.0,164.0,164.0,165.0,165.0,227.0,228.0,249.0,262.0,265.0,261.0,,,,,,,,,,,,,,
Eijsden-Margraten,,,,,,,,,,,,,,,265.0,258.0,249.0,236.0,228.0,230.0,232.0,245.0,263.0,279.0,299.0,317.0,378.0,385.0
Eindhoven,64.0,64.0,65.0,65.0,128.0,128.0,129.0,130.0,198.0,197.0,212.0,230.0,242.0,244.0,236.0,229.0,222.0,208.0,206.0,206.0,210.0,226.0,246.0,265.0,287.0,314.0,360.0,363.0
Elburg,83.0,83.0,84.0,84.0,152.0,152.0,153.0,152.0,220.0,223.0,240.0,260.0,271.0,275.0,273.0,268.0,253.0,238.0,232.0,227.0,226.0,234.0,250.0,269.0,287.0,307.0,345.0,363.0
Elst,102.0,100.0,100.0,100.0,,,,,,,,,,,,,,,,,,,,,,,,
Emmen,69.0,69.0,70.0,70.0,100.0,100.0,101.0,102.0,151.0,152.0,167.0,178.0,185.0,185.0,177.0,173.0,164.0,153.0,147.0,148.0,147.0,150.0,163.0,174.0,186.0,208.0,240.0,251.0
Enkhuizen,73.0,73.0,74.0,75.0,113.0,108.0,110.0,114.0,172.0,173.0,188.0,200.0,205.0,206.0,206.0,201.0,192.0,180.0,176.0,177.0,180.0,189.0,206.0,224.0,243.0,269.0,320.0,321.0
Enschede,62.0,62.0,63.0,63.0,94.0,95.0,96.0,97.0,148.0,149.0,160.0,172.0,177.0,177.0,172.0,166.0,163.0,155.0,151.0,154.0,157.0,167.0,182.0,195.0,210.0,235.0,284.0,296.0
Epe,110.0,110.0,110.0,110.0,171.0,172.0,173.0,174.0,273.0,273.0,285.0,301.0,309.0,309.0,301.0,289.0,278.0,265.0,265.0,261.0,262.0,275.0,291.0,314.0,325.0,356.0,439.0,449.0
Ermelo,94.0,94.0,94.0,95.0,168.0,170.0,170.0,169.0,256.0,259.0,279.0,293.0,298.0,299.0,293.0,284.0,273.0,262.0,257.0,263.0,270.0,282.0,304.0,321.0,342.0,367.0,430.0,441.0
Etten-Leur,93.0,94.0,94.0,95.0,135.0,137.0,138.0,137.0,211.0,211.0,224.0,236.0,251.0,253.0,242.0,237.0,233.0,225.0,219.0,224.0,231.0,239.0,256.0,272.0,288.0,311.0,343.0,355.0
Ferwerderadeel,55.0,55.0,,,,,,,,,,,,,,,,,,,,,,,,,,
Ferwerderadiel,,,56.0,57.0,85.0,86.0,87.0,88.0,140.0,142.0,155.0,168.0,173.0,172.0,170.0,165.0,158.0,148.0,146.0,148.0,149.0,153.0,,,,,,
Flevoland (PV),75.0,76.0,77.0,78.0,113.0,115.0,116.0,117.0,180.0,180.0,191.0,199.0,203.0,203.0,201.0,197.0,191.0,183.0,179.0,180.0,185.0,194.0,218.0,241.0,262.0,292.0,348.0,362.0
Franekeradeel,48.0,49.0,49.0,50.0,91.0,93.0,94.0,94.0,139.0,141.0,159.0,170.0,174.0,175.0,172.0,165.0,158.0,146.0,141.0,139.0,141.0,,,,,,,
Friesland (PV),57.0,58.0,59.0,60.0,100.0,100.0,102.0,102.0,158.0,159.0,177.0,191.0,197.0,197.0,195.0,190.0,180.0,169.0,163.0,164.0,169.0,176.0,,,,,,
Gaasterl√¢n-Sleat,60.0,61.0,63.0,64.0,119.0,119.0,119.0,121.0,188.0,189.0,207.0,222.0,229.0,232.0,226.0,219.0,209.0,,,,,,,,,,,
Gasselte,62.0,,,,,,,,,,,,,,,,,,,,,,,,,,,
Geertruidenberg,90.0,90.0,90.0,90.0,131.0,133.0,133.0,133.0,204.0,204.0,224.0,232.0,238.0,239.0,229.0,224.0,216.0,202.0,197.0,201.0,206.0,214.0,230.0,243.0,267.0,292.0,329.0,346.0
Gelderland (PV),86.0,86.0,86.0,87.0,145.0,146.0,146.0,147.0,220.0,220.0,236.0,251.0,259.0,260.0,252.0,245.0,235.0,220.0,214.0,214.0,217.0,227.0,246.0,263.0,281.0,310.0,365.0,380.0
Geldermalsen,90.0,89.0,89.0,90.0,172.0,170.0,173.0,173.0,262.0,263.0,277.0,305.0,319.0,322.0,317.0,308.0,300.0,276.0,266.0,267.0,265.0,276.0,,,,,,
Geldrop,84.0,85.0,85.0,85.0,133.0,,,,,,,,,,,,,,,,,,,,,,,
Geldrop-Mierlo,,,,,,,,146.0,222.0,222.0,241.0,253.0,266.0,267.0,263.0,259.0,248.0,233.0,223.0,224.0,230.0,241.0,259.0,279.0,298.0,327.0,379.0,389.0
Geleen,62.0,62.0,62.0,62.0,,,,,,,,,,,,,,,,,,,,,,,,
Gemert-Bakel,85.0,86.0,86.0,87.0,160.0,161.0,161.0,162.0,229.0,230.0,259.0,281.0,289.0,298.0,291.0,285.0,262.0,243.0,236.0,232.0,240.0,250.0,274.0,301.0,309.0,341.0,386.0,407.0
Gendringen,86.0,86.0,86.0,87.0,133.0,,,,,,,,,,,,,,,,,,,,,,,
Gendt,94.0,93.0,93.0,93.0,,,,,,,,,,,,,,,,,,,,,,,,
Genemuiden,80.0,81.0,82.0,83.0,,,,,,,,,,,,,,,,,,,,,,,,
Gennep,96.0,97.0,97.0,97.0,153.0,153.0,153.0,155.0,225.0,224.0,238.0,247.0,256.0,256.0,253.0,245.0,228.0,215.0,209.0,215.0,214.0,221.0,238.0,255.0,274.0,290.0,348.0,352.0
Giessenlanden,105.0,106.0,107.0,107.0,175.0,177.0,177.0,178.0,260.0,260.0,285.0,306.0,318.0,322.0,316.0,308.0,296.0,281.0,272.0,272.0,277.0,286.0,,,,,,
Gieten,74.0,,,,,,,,,,,,,,,,,,,,,,,,,,,
Gilze en Rijen,77.0,77.0,78.0,79.0,145.0,145.0,146.0,146.0,220.0,221.0,245.0,254.0,260.0,264.0,257.0,250.0,242.0,232.0,226.0,226.0,231.0,237.0,254.0,271.0,288.0,314.0,341.0,368.0
Goedereede,103.0,101.0,101.0,101.0,158.0,158.0,158.0,159.0,256.0,257.0,284.0,305.0,321.0,328.0,318.0,314.0,,,,,,,,,,,,
Goeree-Overflakkee,,,,,,,,,,,,,,,,,232.0,217.0,210.0,211.0,213.0,217.0,232.0,247.0,260.0,290.0,347.0,362.0
Goes,75.0,77.0,77.0,80.0,111.0,111.0,112.0,113.0,182.0,182.0,204.0,219.0,227.0,226.0,220.0,216.0,208.0,198.0,197.0,198.0,202.0,209.0,219.0,228.0,243.0,266.0,303.0,321.0
Goirle,107.0,105.0,105.0,106.0,156.0,157.0,158.0,159.0,248.0,246.0,266.0,275.0,283.0,288.0,283.0,276.0,265.0,250.0,243.0,246.0,252.0,261.0,276.0,295.0,319.0,359.0,410.0,425.0
Gooise Meren,,,,,,,,,,,,,,,,,,,,334.0,346.0,368.0,398.0,431.0,460.0,503.0,559.0,580.0
Goor,83.0,83.0,83.0,84.0,,,,,,,,,,,,,,,,,,,,,,,,
Gorinchem,63.0,63.0,64.0,65.0,119.0,119.0,120.0,120.0,179.0,180.0,196.0,211.0,221.0,224.0,219.0,215.0,205.0,194.0,189.0,192.0,196.0,200.0,211.0,225.0,243.0,261.0,312.0,345.0
Gorssel,125.0,125.0,123.0,124.0,199.0,,,,,,,,,,,,,,,,,,,,,,,
Gouda,70.0,72.0,72.0,72.0,130.0,129.0,129.0,129.0,180.0,180.0,195.0,204.0,205.0,210.0,206.0,197.0,192.0,182.0,174.0,176.0,180.0,188.0,206.0,221.0,244.0,276.0,323.0,334.0
Graafstroom,105.0,105.0,106.0,107.0,176.0,178.0,179.0,180.0,264.0,266.0,292.0,314.0,326.0,329.0,318.0,321.0,,,,,,,,,,,,
Graft-De Rijp,85.0,85.0,85.0,86.0,172.0,172.0,174.0,174.0,252.0,256.0,271.0,288.0,296.0,300.0,294.0,285.0,270.0,251.0,,,,,,,,,,
Gramsbergen,67.0,67.0,67.0,68.0,,,,,,,,,,,,,,,,,,,,,,,,
Grave,91.0,91.0,91.0,91.0,145.0,145.0,145.0,146.0,221.0,221.0,234.0,250.0,257.0,252.0,246.0,242.0,233.0,215.0,205.0,200.0,202.0,210.0,226.0,239.0,256.0,,,
Groenlo,83.0,83.0,83.0,83.0,126.0,129.0,129.0,129.0,207.0,207.0,,,,,,,,,,,,,,,,,,
Groesbeek,83.0,83.0,83.0,84.0,162.0,163.0,163.0,165.0,252.0,256.0,270.0,294.0,296.0,293.0,283.0,271.0,256.0,235.0,221.0,,,,,,,,,
Groningen (PV),57.0,58.0,58.0,59.0,87.0,88.0,89.0,90.0,141.0,141.0,158.0,174.0,179.0,180.0,178.0,174.0,168.0,159.0,154.0,154.0,157.0,165.0,177.0,190.0,205.0,228.0,268.0,279.0
Groningen (gemeente),54.0,54.0,55.0,55.0,74.0,76.0,78.0,78.0,128.0,129.0,149.0,169.0,175.0,177.0,175.0,171.0,165.0,157.0,151.0,153.0,157.0,168.0,192.0,208.0,225.0,251.0,295.0,301.0
Grootegast,74.0,74.0,75.0,75.0,112.0,114.0,115.0,116.0,176.0,177.0,196.0,211.0,219.0,224.0,220.0,211.0,201.0,192.0,187.0,191.0,196.0,200.0,,,,,,
Grubbenvorst,106.0,106.0,106.0,106.0,,,,,,,,,,,,,,,,,,,,,,,,
Gulpen,101.0,101.0,,,,,,,,,,,,,,,,,,,,,,,,,,
Gulpen-Wittem,,,104.0,104.0,156.0,156.0,156.0,157.0,209.0,210.0,227.0,237.0,243.0,240.0,231.0,224.0,215.0,204.0,198.0,200.0,205.0,214.0,229.0,249.0,271.0,285.0,330.0,331.0
Haaksbergen,93.0,93.0,93.0,94.0,137.0,138.0,138.0,140.0,214.0,215.0,229.0,239.0,247.0,250.0,244.0,237.0,229.0,215.0,210.0,211.0,211.0,221.0,239.0,252.0,269.0,301.0,357.0,368.0
Haaren,132.0,133.0,133.0,133.0,208.0,209.0,209.0,209.0,314.0,314.0,344.0,366.0,385.0,381.0,369.0,366.0,352.0,332.0,314.0,314.0,309.0,319.0,327.0,343.0,,,,
Haarlem,74.0,74.0,74.0,74.0,127.0,128.0,128.0,128.0,201.0,201.0,219.0,237.0,252.0,255.0,253.0,250.0,242.0,228.0,223.0,228.0,249.0,286.0,325.0,356.0,380.0,417.0,480.0,484.0
Haarlemmerliede en Spaarnwoude,108.0,109.0,111.0,111.0,182.0,179.0,181.0,181.0,257.0,257.0,279.0,290.0,294.0,303.0,298.0,296.0,284.0,267.0,261.0,268.0,277.0,314.0,,,,,,
Haarlemmermeer,107.0,107.0,107.0,107.0,159.0,162.0,162.0,164.0,240.0,242.0,254.0,272.0,284.0,285.0,279.0,273.0,265.0,248.0,244.0,248.0,255.0,272.0,296.0,334.0,365.0,397.0,472.0,473.0
Haelen,91.0,92.0,93.0,93.0,145.0,146.0,146.0,147.0,206.0,206.0,,,,,,,,,,,,,,,,,,
Halderberge,92.0,91.0,91.0,91.0,154.0,155.0,156.0,157.0,221.0,222.0,238.0,257.0,260.0,262.0,257.0,250.0,243.0,231.0,226.0,226.0,228.0,237.0,250.0,263.0,281.0,302.0,339.0,357.0
Hardenberg,72.0,73.0,73.0,73.0,126.0,127.0,127.0,128.0,195.0,195.0,207.0,219.0,224.0,227.0,219.0,215.0,209.0,197.0,194.0,199.0,204.0,208.0,221.0,229.0,239.0,272.0,305.0,329.0
Harderwijk,91.0,91.0,91.0,87.0,134.0,135.0,135.0,135.0,213.0,212.0,227.0,235.0,241.0,245.0,240.0,235.0,239.0,226.0,225.0,229.0,235.0,245.0,258.0,272.0,291.0,319.0,382.0,391.0
Hardinxveld-Giessendam,71.0,71.0,72.0,72.0,136.0,135.0,137.0,138.0,204.0,205.0,230.0,248.0,259.0,258.0,248.0,243.0,233.0,224.0,216.0,217.0,221.0,228.0,240.0,254.0,267.0,290.0,335.0,360.0
Haren,112.0,111.0,112.0,113.0,158.0,157.0,159.0,160.0,245.0,245.0,273.0,306.0,310.0,306.0,295.0,286.0,274.0,260.0,254.0,256.0,272.0,291.0,,,,,,
Harenkarspel,82.0,83.0,84.0,84.0,154.0,156.0,158.0,159.0,229.0,228.0,254.0,265.0,274.0,278.0,274.0,271.0,,,,,,,,,,,,
Harlingen,59.0,59.0,60.0,61.0,88.0,88.0,89.0,89.0,144.0,145.0,161.0,175.0,178.0,178.0,176.0,174.0,165.0,154.0,147.0,149.0,151.0,156.0,168.0,179.0,190.0,208.0,237.0,247.0
Harmelen,112.0,111.0,112.0,112.0,,,,,,,,,,,,,,,,,,,,,,,,
Hasselt,82.0,84.0,85.0,85.0,,,,,,,,,,,,,,,,,,,,,,,,
Hattem,104.0,104.0,104.0,104.0,161.0,162.0,162.0,162.0,257.0,258.0,271.0,289.0,297.0,291.0,285.0,276.0,268.0,252.0,241.0,240.0,252.0,262.0,276.0,295.0,319.0,349.0,399.0,416.0
Havelte,83.0,,,,,,,,,,,,,,,,,,,,,,,,,,,
Hedel,91.0,93.0,,,,,,,,,,,,,,,,,,,,,,,,,,
Heel,98.0,99.0,100.0,100.0,152.0,151.0,152.0,152.0,219.0,219.0,,,,,,,,,,,,,,,,,,
Heemskerk,74.0,74.0,75.0,76.0,133.0,133.0,133.0,134.0,207.0,211.0,222.0,233.0,241.0,243.0,239.0,235.0,224.0,212.0,206.0,212.0,218.0,233.0,259.0,283.0,307.0,339.0,402.0,402.0
Heemstede,145.0,145.0,145.0,144.0,233.0,233.0,233.0,233.0,344.0,343.0,374.0,414.0,431.0,445.0,431.0,416.0,394.0,369.0,360.0,377.0,410.0,453.0,475.0,519.0,548.0,593.0,677.0,657.0
Heerde,111.0,108.0,109.0,109.0,169.0,170.0,170.0,171.0,288.0,289.0,297.0,311.0,317.0,320.0,311.0,301.0,277.0,254.0,245.0,237.0,252.0,260.0,275.0,293.0,319.0,340.0,405.0,429.0
Heerenveen,61.0,65.0,63.0,64.0,113.0,114.0,116.0,116.0,177.0,178.0,195.0,211.0,219.0,213.0,216.0,210.0,199.0,183.0,177.0,181.0,186.0,200.0,213.0,229.0,246.0,269.0,315.0,325.0
Heerewaarden,71.0,72.0,,,,,,,,,,,,,,,,,,,,,,,,,,
Heerhugowaard,84.0,78.0,79.0,79.0,118.0,126.0,126.0,127.0,190.0,193.0,198.0,213.0,225.0,225.0,222.0,217.0,211.0,202.0,197.0,197.0,200.0,211.0,228.0,251.0,270.0,,,
Heerjansdam,80.0,80.0,80.0,79.0,140.0,,,,,,,,,,,,,,,,,,,,,,,
Heerlen,67.0,67.0,67.0,68.0,101.0,101.0,101.0,102.0,130.0,129.0,135.0,134.0,137.0,139.0,135.0,133.0,129.0,123.0,119.0,123.0,124.0,129.0,138.0,150.0,159.0,170.0,203.0,202.0
Heeze-Leende,105.0,105.0,106.0,107.0,197.0,198.0,199.0,200.0,311.0,310.0,334.0,360.0,371.0,370.0,358.0,347.0,330.0,311.0,302.0,307.0,311.0,323.0,343.0,361.0,380.0,412.0,458.0,478.0
Heiloo,104.0,104.0,104.0,104.0,186.0,186.0,185.0,187.0,285.0,286.0,296.0,326.0,341.0,347.0,335.0,323.0,309.0,288.0,277.0,281.0,291.0,305.0,337.0,359.0,385.0,417.0,506.0,516.0
Heino,85.0,85.0,85.0,85.0,,,,,,,,,,,,,,,,,,,,,,,,
Helden,102.0,102.0,103.0,104.0,152.0,153.0,153.0,154.0,224.0,225.0,242.0,254.0,259.0,,,,,,,,,,,,,,,
Hellendoorn,92.0,92.0,92.0,92.0,139.0,139.0,140.0,141.0,217.0,217.0,235.0,249.0,259.0,262.0,254.0,250.0,239.0,224.0,218.0,218.0,222.0,229.0,248.0,263.0,283.0,327.0,364.0,397.0
Hellevoetsluis,84.0,84.0,85.0,86.0,126.0,124.0,126.0,128.0,178.0,178.0,198.0,218.0,226.0,229.0,223.0,214.0,206.0,195.0,189.0,190.0,195.0,203.0,213.0,230.0,245.0,271.0,,
Helmond,61.0,63.0,64.0,64.0,122.0,123.0,124.0,125.0,192.0,193.0,208.0,227.0,237.0,236.0,232.0,225.0,218.0,206.0,200.0,196.0,198.0,205.0,215.0,231.0,245.0,275.0,312.0,320.0
Hendrik-Ido-Ambacht,79.0,79.0,79.0,79.0,133.0,132.0,133.0,137.0,206.0,210.0,221.0,231.0,241.0,247.0,243.0,240.0,231.0,215.0,208.0,214.0,220.0,234.0,254.0,281.0,308.0,336.0,397.0,413.0
Hengelo (Gld.),98.0,98.0,98.0,99.0,148.0,,,,,,,,,,,,,,,,,,,,,,,
Hengelo (O.),59.0,60.0,61.0,61.0,107.0,107.0,108.0,108.0,163.0,163.0,179.0,189.0,193.0,193.0,189.0,185.0,180.0,168.0,162.0,166.0,168.0,175.0,188.0,202.0,221.0,243.0,292.0,306.0
Het Hogeland,,,,,,,,,,,,,,,,,,,,,,,170.0,180.0,191.0,213.0,251.0,262.0
Heteren,94.0,93.0,90.0,96.0,,,,,,,,,,,,,,,,,,,,,,,,
Heumen,111.0,111.0,112.0,113.0,175.0,175.0,180.0,179.0,280.0,280.0,298.0,312.0,325.0,326.0,317.0,308.0,295.0,271.0,263.0,259.0,260.0,269.0,283.0,306.0,319.0,351.0,396.0,415.0
Heusden,84.0,83.0,84.0,85.0,164.0,164.0,165.0,165.0,251.0,253.0,275.0,285.0,297.0,304.0,291.0,283.0,278.0,267.0,255.0,253.0,258.0,265.0,278.0,293.0,311.0,344.0,406.0,413.0
Heythuysen,94.0,94.0,94.0,95.0,150.0,151.0,151.0,152.0,217.0,218.0,,,,,,,,,,,,,,,,,,
Hillegom,106.0,107.0,105.0,105.0,159.0,159.0,159.0,159.0,239.0,240.0,251.0,261.0,267.0,270.0,262.0,255.0,248.0,226.0,223.0,223.0,227.0,239.0,260.0,292.0,319.0,346.0,403.0,416.0
Hilvarenbeek,116.0,116.0,116.0,116.0,181.0,181.0,181.0,183.0,288.0,290.0,314.0,336.0,347.0,339.0,329.0,323.0,307.0,293.0,284.0,282.0,287.0,296.0,316.0,335.0,355.0,399.0,452.0,468.0
Hilversum,99.0,97.0,97.0,97.0,165.0,165.0,165.0,165.0,243.0,243.0,258.0,279.0,290.0,292.0,282.0,277.0,265.0,252.0,245.0,250.0,262.0,276.0,315.0,335.0,358.0,397.0,451.0,471.0
Hoeksche Waard,,,,,,,,,,,,,,,,,,,,,,,248.0,266.0,281.0,309.0,360.0,382.0
Hoevelaken,126.0,126.0,126.0,,,,,,,,,,,,,,,,,,,,,,,,,
Hof van Twente,,,,,146.0,146.0,147.0,148.0,218.0,218.0,235.0,249.0,258.0,264.0,259.0,250.0,242.0,230.0,225.0,224.0,227.0,232.0,257.0,267.0,281.0,307.0,345.0,359.0
Hollands Kroon,,,,,,,,,,,,,,,,224.0,216.0,205.0,197.0,198.0,201.0,205.0,225.0,233.0,256.0,290.0,332.0,355.0
Holten,88.0,89.0,90.0,90.0,,,,,,,,,,,,,,,,,,,,,,,,
Hontenisse,62.0,63.0,64.0,65.0,87.0,,,,,,,,,,,,,,,,,,,,,,,
Hoogeveen,61.0,64.0,64.0,64.0,108.0,109.0,110.0,111.0,158.0,158.0,170.0,184.0,192.0,191.0,191.0,186.0,178.0,164.0,159.0,159.0,163.0,168.0,178.0,189.0,202.0,221.0,256.0,272.0
Hoogezand-Sappemeer,51.0,52.0,52.0,53.0,79.0,79.0,81.0,82.0,123.0,123.0,142.0,152.0,158.0,160.0,159.0,154.0,147.0,138.0,134.0,133.0,134.0,,,,,,,
Hoorn,75.0,75.0,76.0,76.0,117.0,117.0,118.0,120.0,180.0,179.0,193.0,203.0,208.0,207.0,202.0,200.0,194.0,187.0,180.0,181.0,184.0,194.0,212.0,234.0,256.0,288.0,333.0,349.0
Horst,95.0,93.0,94.0,95.0,,,,,,,,,,,,,,,,,,,,,,,,
Horst aan de Maas,,,,,153.0,155.0,156.0,156.0,219.0,220.0,240.0,256.0,260.0,260.0,253.0,251.0,247.0,237.0,230.0,231.0,235.0,242.0,255.0,265.0,279.0,295.0,324.0,339.0
Houten,117.0,117.0,116.0,113.0,166.0,169.0,172.0,173.0,246.0,245.0,267.0,293.0,303.0,315.0,308.0,300.0,288.0,260.0,251.0,254.0,277.0,301.0,323.0,351.0,378.0,418.0,503.0,500.0
Huissen,90.0,90.0,91.0,91.0,,,,,,,,,,,,,,,,,,,,,,,,
Huizen,104.0,105.0,106.0,107.0,189.0,190.0,190.0,190.0,270.0,270.0,279.0,303.0,317.0,320.0,307.0,300.0,283.0,268.0,258.0,261.0,268.0,284.0,306.0,330.0,355.0,392.0,448.0,461.0
Hulst,70.0,71.0,72.0,73.0,100.0,101.0,98.0,99.0,158.0,160.0,176.0,186.0,193.0,191.0,190.0,189.0,186.0,183.0,181.0,184.0,188.0,193.0,209.0,217.0,227.0,246.0,277.0,295.0
Hummelo en Keppel,96.0,98.0,98.0,99.0,169.0,,,,,,,,,,,,,,,,,,,,,,,
Hunsel,95.0,95.0,96.0,96.0,158.0,159.0,160.0,161.0,215.0,213.0,,,,,,,,,,,,,,,,,,
IJsselham,56.0,56.0,57.0,57.0,,,,,,,,,,,,,,,,,,,,,,,,
IJsselmuiden,83.0,85.0,86.0,87.0,,,,,,,,,,,,,,,,,,,,,,,,
IJsselstein,103.0,104.0,99.0,103.0,146.0,149.0,150.0,150.0,217.0,220.0,240.0,251.0,257.0,263.0,263.0,259.0,254.0,234.0,227.0,231.0,236.0,249.0,264.0,289.0,315.0,346.0,402.0,424.0
Jacobswoude,99.0,99.0,100.0,100.0,195.0,194.0,195.0,198.0,275.0,280.0,295.0,317.0,,,,,,,,,,,,,,,,
Kaag en Braassem,,,,,,,,,,,,,312.0,317.0,312.0,302.0,284.0,266.0,255.0,258.0,263.0,263.0,298.0,325.0,347.0,379.0,447.0,464.0
Kampen,60.0,58.0,60.0,60.0,111.0,111.0,112.0,112.0,179.0,181.0,196.0,212.0,220.0,220.0,217.0,213.0,206.0,196.0,192.0,191.0,194.0,202.0,220.0,234.0,250.0,275.0,314.0,337.0
Kapelle,78.0,78.0,80.0,79.0,116.0,117.0,117.0,119.0,192.0,194.0,227.0,243.0,249.0,249.0,240.0,238.0,231.0,220.0,219.0,220.0,225.0,231.0,241.0,251.0,265.0,291.0,332.0,354.0
Katwijk,84.0,84.0,84.0,83.0,158.0,158.0,159.0,160.0,228.0,236.0,249.0,264.0,275.0,280.0,274.0,269.0,264.0,249.0,244.0,245.0,249.0,265.0,288.0,319.0,337.0,364.0,419.0,438.0
Kerkrade,60.0,61.0,60.0,61.0,105.0,106.0,106.0,107.0,131.0,132.0,143.0,148.0,149.0,148.0,144.0,139.0,135.0,129.0,122.0,121.0,129.0,135.0,142.0,153.0,163.0,171.0,199.0,200.0
Kerkwijk,94.0,89.0,,,,,,,,,,,,,,,,,,,,,,,,,,
Kessel,99.0,100.0,101.0,101.0,156.0,158.0,158.0,159.0,215.0,214.0,237.0,248.0,255.0,,,,,,,,,,,,,,,
Kesteren,99.0,99.0,98.0,99.0,155.0,,,,,,,,,,,,,,,,,,,,,,,
Koggenland,,,,,,,,,,,246.0,260.0,269.0,273.0,267.0,260.0,250.0,231.0,226.0,228.0,234.0,242.0,260.0,275.0,298.0,332.0,378.0,399.0
Kollumerland en Nieuwkruisland,52.0,52.0,53.0,55.0,101.0,101.0,101.0,101.0,150.0,150.0,176.0,188.0,194.0,194.0,195.0,192.0,178.0,166.0,163.0,164.0,169.0,172.0,,,,,,
Korendijk,87.0,88.0,89.0,90.0,139.0,140.0,139.0,141.0,217.0,217.0,239.0,257.0,267.0,270.0,262.0,258.0,248.0,236.0,226.0,222.0,224.0,227.0,,,,,,
Krimpen aan den IJssel,89.0,90.0,90.0,91.0,138.0,140.0,140.0,140.0,212.0,212.0,234.0,247.0,249.0,250.0,240.0,234.0,225.0,218.0,212.0,215.0,217.0,228.0,245.0,265.0,289.0,316.0,354.0,377.0
Krimpenerwaard,,,,,,,,,,,,,,,,,,,230.0,230.0,236.0,242.0,258.0,275.0,295.0,330.0,387.0,404.0
Laarbeek,87.0,87.0,88.0,87.0,167.0,167.0,168.0,168.0,246.0,246.0,269.0,297.0,306.0,307.0,305.0,285.0,267.0,253.0,245.0,240.0,245.0,250.0,276.0,298.0,306.0,340.0,394.0,412.0
Landerd,96.0,96.0,96.0,97.0,178.0,179.0,180.0,181.0,279.0,278.0,319.0,342.0,356.0,357.0,348.0,327.0,305.0,279.0,265.0,269.0,277.0,288.0,306.0,331.0,337.0,,,
Landgraaf,81.0,81.0,81.0,81.0,116.0,117.0,118.0,119.0,156.0,156.0,168.0,170.0,171.0,172.0,164.0,163.0,158.0,149.0,146.0,149.0,154.0,161.0,171.0,184.0,197.0,212.0,249.0,248.0
Landsmeer,104.0,104.0,104.0,105.0,177.0,177.0,178.0,179.0,281.0,281.0,300.0,316.0,330.0,325.0,321.0,314.0,291.0,280.0,274.0,288.0,316.0,351.0,401.0,443.0,459.0,490.0,580.0,580.0
Langedijk,99.0,98.0,98.0,97.0,160.0,163.0,159.0,166.0,252.0,253.0,252.0,274.0,288.0,290.0,285.0,281.0,265.0,251.0,247.0,242.0,244.0,253.0,271.0,293.0,311.0,,,
Lansingerland,,,,,,,,,,,269.0,287.0,299.0,305.0,295.0,289.0,282.0,268.0,257.0,264.0,273.0,287.0,326.0,355.0,380.0,409.0,479.0,497.0
Laren (NH.),183.0,183.0,184.0,186.0,362.0,360.0,360.0,361.0,502.0,503.0,549.0,583.0,618.0,628.0,615.0,599.0,566.0,534.0,534.0,536.0,559.0,,610.0,660.0,711.0,781.0,893.0,888.0
Leek,80.0,80.0,81.0,82.0,117.0,117.0,118.0,119.0,176.0,176.0,197.0,216.0,221.0,220.0,214.0,208.0,196.0,183.0,180.0,183.0,189.0,195.0,,,,,,
Leerdam,89.0,89.0,89.0,90.0,127.0,129.0,130.0,130.0,202.0,202.0,216.0,235.0,241.0,240.0,238.0,233.0,223.0,210.0,206.0,208.0,209.0,215.0,,,,,,
Leersum,129.0,128.0,128.0,129.0,194.0,,,,,,,,,,,,,,,,,,,,,,,
Leeuwarden,41.0,42.0,43.0,43.0,75.0,76.0,77.0,78.0,120.0,121.0,136.0,146.0,149.0,153.0,152.0,148.0,140.0,135.0,131.0,131.0,139.0,143.0,156.0,167.0,183.0,204.0,234.0,249.0
Leeuwarderadeel,68.0,69.0,70.0,71.0,102.0,103.0,103.0,104.0,163.0,163.0,178.0,190.0,192.0,188.0,186.0,181.0,174.0,164.0,162.0,166.0,170.0,,,,,,,
Leiden,84.0,84.0,84.0,84.0,128.0,128.0,129.0,128.0,198.0,199.0,215.0,232.0,239.0,237.0,231.0,226.0,220.0,211.0,205.0,208.0,217.0,234.0,264.0,292.0,313.0,344.0,390.0,394.0
Leiderdorp,87.0,87.0,88.0,88.0,157.0,158.0,158.0,158.0,233.0,234.0,250.0,268.0,275.0,273.0,262.0,258.0,248.0,239.0,235.0,239.0,243.0,258.0,281.0,305.0,334.0,361.0,413.0,423.0
Leidschendam,101.0,102.0,104.0,101.0,145.0,,,,,,,,,,,,,,,,,,,,,,,
Leidschendam-Voorburg,,,,,,139.0,140.0,141.0,215.0,217.0,239.0,250.0,260.0,262.0,259.0,251.0,243.0,230.0,228.0,231.0,242.0,248.0,272.0,291.0,315.0,339.0,380.0,389.0
Lelystad,58.0,58.0,60.0,60.0,95.0,97.0,99.0,101.0,166.0,168.0,177.0,189.0,193.0,191.0,186.0,180.0,172.0,165.0,159.0,159.0,163.0,169.0,190.0,211.0,228.0,259.0,326.0,342.0
Lemsterland,58.0,60.0,62.0,63.0,112.0,115.0,116.0,116.0,181.0,183.0,205.0,224.0,233.0,232.0,231.0,227.0,217.0,,,,,,,,,,,
Leudal,,,,,,,,,,,222.0,232.0,237.0,231.0,228.0,227.0,220.0,212.0,206.0,208.0,213.0,221.0,239.0,250.0,264.0,281.0,334.0,338.0
Leusden,103.0,104.0,104.0,105.0,174.0,174.0,175.0,175.0,251.0,252.0,263.0,285.0,303.0,308.0,305.0,298.0,285.0,268.0,264.0,264.0,274.0,292.0,321.0,341.0,360.0,391.0,448.0,459.0
Lichtenvoorde,96.0,96.0,97.0,97.0,143.0,,,,,,,,,,,,,,,,,,,,,,,
Liemeer,104.0,104.0,105.0,105.0,165.0,165.0,166.0,166.0,245.0,250.0,,,,,,,,,,,,,,,,,,
Lienden,109.0,110.0,,,,,,,,,,,,,,,,,,,,,,,,,,
Liesveld,97.0,97.0,97.0,97.0,147.0,147.0,148.0,148.0,229.0,228.0,248.0,265.0,277.0,277.0,271.0,269.0,,,,,,,,,,,,
Limburg (PV),82.0,82.0,83.0,83.0,131.0,132.0,133.0,133.0,179.0,179.0,194.0,202.0,206.0,206.0,200.0,196.0,189.0,180.0,175.0,178.0,182.0,190.0,203.0,218.0,231.0,246.0,288.0,290.0
Limmen,132.0,133.0,134.0,135.0,185.0,,,,,,,,,,,,,,,,,,,,,,,
Lingewaal,100.0,100.0,100.0,100.0,152.0,153.0,154.0,155.0,244.0,246.0,271.0,296.0,300.0,303.0,297.0,293.0,285.0,266.0,255.0,252.0,247.0,252.0,,,,,,
Lingewaard,,,,,,,149.0,151.0,228.0,228.0,245.0,257.0,266.0,263.0,257.0,248.0,240.0,233.0,223.0,224.0,230.0,240.0,255.0,273.0,293.0,326.0,372.0,395.0
Lisse,96.0,97.0,98.0,100.0,156.0,157.0,159.0,157.0,221.0,222.0,245.0,266.0,279.0,287.0,283.0,275.0,264.0,249.0,241.0,243.0,248.0,258.0,277.0,303.0,324.0,357.0,405.0,408.0
Lith,76.0,76.0,76.0,78.0,188.0,189.0,190.0,191.0,282.0,282.0,306.0,330.0,338.0,342.0,,,,,,,,,,,,,,
Littenseradiel,63.0,64.0,65.0,65.0,106.0,106.0,107.0,107.0,170.0,169.0,187.0,204.0,211.0,211.0,210.0,205.0,197.0,185.0,181.0,183.0,187.0,,,,,,,
Lochem,98.0,99.0,100.0,100.0,151.0,154.0,155.0,157.0,271.0,271.0,288.0,306.0,317.0,314.0,308.0,303.0,294.0,282.0,272.0,268.0,271.0,283.0,307.0,328.0,342.0,372.0,457.0,465.0
Loenen,134.0,133.0,133.0,133.0,235.0,236.0,236.0,238.0,341.0,342.0,367.0,414.0,431.0,426.0,,,,,,,,,,,,,,
Loon op Zand,82.0,83.0,83.0,83.0,148.0,149.0,149.0,150.0,244.0,245.0,261.0,279.0,286.0,287.0,280.0,270.0,257.0,242.0,234.0,235.0,243.0,247.0,256.0,271.0,287.0,312.0,365.0,384.0
Loosdrecht,144.0,145.0,145.0,146.0,238.0,,,,,,,,,,,,,,,,,,,,,,,
Lopik,87.0,88.0,88.0,88.0,174.0,174.0,174.0,174.0,252.0,252.0,273.0,291.0,301.0,304.0,299.0,295.0,285.0,269.0,262.0,264.0,269.0,274.0,294.0,313.0,347.0,383.0,444.0,452.0
Loppersum,49.0,50.0,50.0,50.0,87.0,87.0,88.0,88.0,139.0,140.0,156.0,171.0,177.0,177.0,174.0,171.0,165.0,152.0,145.0,143.0,144.0,149.0,161.0,175.0,,,,
Losser,74.0,74.0,74.0,75.0,136.0,137.0,137.0,138.0,213.0,213.0,224.0,233.0,235.0,233.0,226.0,222.0,216.0,206.0,202.0,203.0,204.0,216.0,234.0,249.0,267.0,296.0,353.0,368.0
Maarn,138.0,138.0,138.0,138.0,219.0,,,,,,,,,,,,,,,,,,,,,,,
Maarssen,105.0,104.0,105.0,105.0,161.0,162.0,162.0,163.0,233.0,232.0,246.0,262.0,271.0,276.0,,,,,,,,,,,,,,
Maartensdijk,137.0,136.0,136.0,136.0,,,,,,,,,,,,,,,,,,,,,,,,
Maasbracht,91.0,91.0,91.0,91.0,142.0,142.0,143.0,143.0,193.0,193.0,,,,,,,,,,,,,,,,,,
Maasbree,105.0,106.0,106.0,107.0,153.0,153.0,154.0,155.0,212.0,213.0,234.0,253.0,259.0,,,,,,,,,,,,,,,
Maasdonk,85.0,86.0,86.0,87.0,192.0,192.0,193.0,193.0,295.0,291.0,326.0,355.0,363.0,363.0,349.0,340.0,325.0,312.0,,,,,,,,,,
Maasdriel,91.0,90.0,88.0,87.0,165.0,165.0,165.0,166.0,271.0,270.0,287.0,307.0,313.0,311.0,306.0,292.0,280.0,265.0,253.0,255.0,255.0,260.0,283.0,299.0,318.0,349.0,406.0,422.0
Maasgouw,,,,,,,,,,,210.0,223.0,226.0,226.0,222.0,217.0,209.0,202.0,196.0,196.0,204.0,207.0,224.0,239.0,253.0,271.0,315.0,322.0
Maasland,115.0,115.0,116.0,117.0,186.0,,,,,,,,,,,,,,,,,,,,,,,
Maassluis,80.0,80.0,81.0,82.0,112.0,113.0,115.0,116.0,172.0,173.0,194.0,210.0,216.0,214.0,206.0,203.0,197.0,186.0,182.0,185.0,189.0,198.0,208.0,224.0,245.0,266.0,304.0,324.0
Maastricht,77.0,78.0,78.0,79.0,126.0,127.0,128.0,128.0,177.0,177.0,189.0,201.0,206.0,205.0,201.0,197.0,188.0,177.0,174.0,179.0,184.0,196.0,209.0,224.0,238.0,258.0,302.0,297.0
Made,90.0,90.0,,,,,,,,,,,,,,,,,,,,,,,,,,
Margraten,116.0,116.0,116.0,117.0,174.0,174.0,174.0,175.0,244.0,245.0,268.0,282.0,288.0,285.0,,,,,,,,,,,,,,
Markelo,102.0,100.0,102.0,102.0,,,,,,,,,,,,,,,,,,,,,,,,
Marum,78.0,78.0,79.0,80.0,131.0,132.0,133.0,136.0,204.0,205.0,220.0,244.0,249.0,246.0,239.0,234.0,224.0,215.0,206.0,209.0,218.0,221.0,,,,,,
Maurik,106.0,106.0,,,,,,,,,,,,,,,,,,,,,,,,,,
Medemblik,74.0,78.0,78.0,78.0,119.0,120.0,120.0,121.0,191.0,193.0,233.0,245.0,255.0,262.0,245.0,241.0,236.0,218.0,211.0,212.0,217.0,221.0,243.0,269.0,289.0,325.0,376.0,387.0
Meerlo-Wanssum,98.0,97.0,99.0,100.0,156.0,157.0,157.0,158.0,215.0,216.0,247.0,257.0,263.0,,,,,,,,,,,,,,,
Meerssen,107.0,107.0,108.0,108.0,164.0,164.0,164.0,165.0,215.0,216.0,234.0,251.0,262.0,260.0,255.0,249.0,239.0,225.0,215.0,221.0,223.0,238.0,250.0,266.0,281.0,298.0,351.0,344.0
Meierijstad,,,,,,,,,,,,,,,,,,,,,255.0,260.0,281.0,293.0,312.0,345.0,405.0,420.0
Meijel,101.0,101.0,101.0,102.0,160.0,162.0,162.0,165.0,234.0,232.0,252.0,267.0,279.0,,,,,,,,,,,,,,,
Menaldumadeel,57.0,57.0,58.0,59.0,99.0,100.0,100.0,101.0,160.0,161.0,175.0,190.0,194.0,191.0,,,,,,,,,,,,,,
Menameradiel,,,,,,,,,,,,,,,188.0,185.0,177.0,167.0,163.0,164.0,167.0,,,,,,,
Menterwolde,52.0,53.0,54.0,56.0,92.0,93.0,94.0,95.0,152.0,151.0,159.0,169.0,176.0,177.0,174.0,172.0,168.0,156.0,145.0,143.0,164.0,,,,,,,
Meppel,67.0,70.0,70.0,71.0,106.0,107.0,107.0,107.0,176.0,176.0,193.0,205.0,213.0,213.0,210.0,203.0,197.0,190.0,182.0,182.0,186.0,190.0,200.0,213.0,227.0,249.0,289.0,298.0
Middelburg (Z.),71.0,72.0,72.0,72.0,102.0,103.0,104.0,104.0,137.0,137.0,161.0,172.0,178.0,178.0,176.0,188.0,184.0,177.0,172.0,172.0,177.0,181.0,189.0,200.0,213.0,231.0,259.0,289.0
Middelharnis,78.0,78.0,78.0,79.0,119.0,120.0,120.0,121.0,182.0,184.0,207.0,217.0,236.0,233.0,229.0,223.0,,,,,,,,,,,,
Midden-Delfland,,,,,,,,175.0,269.0,272.0,294.0,308.0,317.0,326.0,317.0,307.0,297.0,281.0,276.0,280.0,282.0,304.0,324.0,356.0,385.0,419.0,470.0,481.0
Midden-Drenthe,,,,72.0,125.0,125.0,125.0,127.0,182.0,188.0,207.0,218.0,226.0,228.0,227.0,222.0,213.0,202.0,194.0,192.0,196.0,201.0,220.0,231.0,244.0,265.0,299.0,328.0
Midden-Groningen,,,,,,,,,,,,,,,,,,,,,,153.0,167.0,175.0,188.0,206.0,239.0,276.0
Middenveld,,71.0,72.0,,,,,,,,,,,,,,,,,,,,,,,,,
Mierlo,106.0,106.0,107.0,107.0,175.0,,,,,,,,,,,,,,,,,,,,,,,
Mill en Sint Hubert,105.0,104.0,104.0,104.0,178.0,179.0,180.0,181.0,266.0,267.0,292.0,305.0,311.0,305.0,293.0,282.0,271.0,255.0,247.0,238.0,243.0,249.0,266.0,279.0,295.0,,,
Millingen aan de Rijn,61.0,63.0,63.0,63.0,139.0,140.0,140.0,140.0,205.0,204.0,213.0,221.0,222.0,218.0,210.0,203.0,192.0,178.0,,,,,,,,,,
Moerdijk,,,82.0,82.0,142.0,143.0,144.0,145.0,201.0,200.0,222.0,235.0,244.0,242.0,230.0,226.0,222.0,213.0,206.0,207.0,211.0,219.0,233.0,247.0,263.0,282.0,335.0,353.0
Molenlanden,,,,,,,,,,,,,,,,,,,,,,,281.0,290.0,311.0,345.0,388.0,413.0
Molenwaard,,,,,,,,,,,,,,,,,260.0,246.0,241.0,240.0,244.0,249.0,,,,,,
Monster,94.0,94.0,95.0,96.0,147.0,,,,,,,,,,,,,,,,,,,,,,,
Montferland,,,,,,,,,225.0,226.0,243.0,255.0,261.0,261.0,255.0,235.0,223.0,208.0,198.0,195.0,196.0,202.0,212.0,221.0,234.0,253.0,282.0,295.0
Montfoort,90.0,90.0,89.0,91.0,170.0,170.0,173.0,174.0,259.0,260.0,272.0,291.0,307.0,311.0,299.0,298.0,288.0,263.0,254.0,256.0,260.0,272.0,295.0,316.0,338.0,370.0,426.0,455.0
Mook en Middelaar,118.0,119.0,119.0,119.0,189.0,190.0,190.0,188.0,287.0,286.0,302.0,316.0,327.0,326.0,318.0,310.0,295.0,276.0,261.0,258.0,265.0,277.0,293.0,310.0,325.0,349.0,423.0,426.0
Moordrecht,83.0,83.0,84.0,86.0,152.0,153.0,154.0,153.0,221.0,224.0,238.0,256.0,259.0,,,,,,,,,,,,,,,
Muiden,105.0,105.0,106.0,106.0,219.0,219.0,218.0,218.0,314.0,313.0,327.0,358.0,372.0,372.0,362.0,353.0,332.0,306.0,298.0,,,,,,,,,
Naaldwijk,94.0,95.0,96.0,98.0,154.0,,,,,,,,,,,,,,,,,,,,,,,
Naarden,147.0,145.0,145.0,145.0,244.0,244.0,245.0,245.0,352.0,354.0,379.0,419.0,436.0,442.0,428.0,413.0,390.0,367.0,367.0,,,,,,,,,
Neder-Betuwe,,,,,,,,157.0,232.0,231.0,247.0,258.0,264.0,265.0,256.0,249.0,237.0,220.0,214.0,213.0,224.0,232.0,247.0,261.0,283.0,308.0,355.0,368.0
Nederhorst den Berg,133.0,133.0,133.0,134.0,196.0,,,,,,,,,,,,,,,,,,,,,,,
Nederland,79.0,79.0,80.0,80.0,131.0,132.0,133.0,134.0,200.0,201.0,216.0,232.0,241.0,242.0,236.0,232.0,223.0,211.0,206.0,208.0,217.0,230.0,250.0,271.0,290.0,317.0,368.0,379.0
Nederlek,77.0,77.0,78.0,78.0,145.0,146.0,146.0,146.0,212.0,212.0,236.0,251.0,258.0,258.0,243.0,242.0,236.0,218.0,,,,,,,,,,
Nederweert,104.0,103.0,105.0,105.0,167.0,167.0,168.0,168.0,225.0,227.0,243.0,255.0,264.0,267.0,258.0,249.0,241.0,237.0,228.0,233.0,236.0,247.0,277.0,295.0,303.0,315.0,371.0,376.0
Neede,71.0,71.0,72.0,73.0,131.0,,,,,,,,,,,,,,,,,,,,,,,
Neerijnen,105.0,105.0,105.0,105.0,165.0,166.0,166.0,166.0,260.0,259.0,273.0,300.0,308.0,312.0,308.0,300.0,290.0,271.0,260.0,257.0,260.0,261.0,,,,,,
Niedorp,78.0,79.0,79.0,79.0,141.0,141.0,141.0,142.0,225.0,223.0,242.0,261.0,270.0,273.0,270.0,,,,,,,,,,,,,
Nieuw-Lekkerland,71.0,71.0,71.0,72.0,125.0,126.0,126.0,128.0,189.0,191.0,209.0,226.0,235.0,232.0,224.0,220.0,,,,,,,,,,,,
Nieuwegein,78.0,79.0,80.0,81.0,139.0,139.0,139.0,139.0,194.0,194.0,207.0,222.0,232.0,233.0,228.0,224.0,218.0,206.0,197.0,197.0,202.0,214.0,235.0,252.0,269.0,292.0,349.0,351.0
Nieuwerkerk aan den IJssel,101.0,102.0,103.0,103.0,149.0,151.0,151.0,152.0,228.0,228.0,241.0,255.0,264.0,,,,,,,,,,,,,,,
Nieuwkoop,103.0,104.0,105.0,105.0,199.0,200.0,200.0,200.0,276.0,277.0,290.0,310.0,315.0,320.0,312.0,306.0,290.0,277.0,266.0,269.0,274.0,282.0,302.0,324.0,344.0,378.0,447.0,476.0
Nieuwleusen,86.0,85.0,86.0,86.0,,,,,,,,,,,,,,,,,,,,,,,,
Nijefurd,55.0,57.0,59.0,60.0,108.0,109.0,109.0,110.0,174.0,174.0,186.0,197.0,204.0,205.0,,,,,,,,,,,,,,
Nijeveen,80.0,,,,,,,,,,,,,,,,,,,,,,,,,,,
Nijkerk,91.0,91.0,92.0,101.0,170.0,171.0,170.0,171.0,254.0,256.0,271.0,285.0,292.0,302.0,298.0,287.0,281.0,263.0,260.0,261.0,268.0,285.0,312.0,333.0,357.0,387.0,442.0,470.0
Nijmegen,69.0,70.0,70.0,70.0,121.0,121.0,121.0,122.0,183.0,184.0,201.0,214.0,221.0,222.0,216.0,209.0,201.0,191.0,185.0,188.0,194.0,205.0,234.0,252.0,273.0,308.0,362.0,373.0
Nissewaard,,,,,,,,,,,,,,,,,,,162.0,164.0,167.0,173.0,186.0,204.0,218.0,242.0,279.0,288.0
Noardeast-Frysl√¢n,,,,,,,,,,,,,,,,,,,,,,,171.0,178.0,194.0,233.0,271.0,283.0
Noord-Beveland,72.0,72.0,72.0,73.0,107.0,108.0,109.0,110.0,165.0,167.0,199.0,213.0,218.0,216.0,210.0,207.0,200.0,196.0,190.0,187.0,194.0,201.0,221.0,234.0,246.0,269.0,302.0,306.0
Noord-Brabant (PV),86.0,86.0,86.0,86.0,145.0,147.0,148.0,149.0,226.0,226.0,245.0,261.0,270.0,271.0,264.0,257.0,246.0,233.0,226.0,226.0,232.0,241.0,260.0,278.0,295.0,323.0,370.0,385.0
Noord-Holland (PV),79.0,79.0,80.0,80.0,144.0,145.0,145.0,146.0,220.0,221.0,230.0,251.0,267.0,269.0,262.0,258.0,248.0,235.0,232.0,240.0,260.0,288.0,318.0,350.0,368.0,394.0,461.0,462.0
Noordenveld,,85.0,85.0,86.0,135.0,136.0,137.0,137.0,199.0,200.0,224.0,244.0,254.0,250.0,243.0,237.0,227.0,215.0,209.0,209.0,215.0,225.0,235.0,254.0,271.0,302.0,354.0,367.0
Noorder-Koggenland,87.0,87.0,88.0,88.0,141.0,142.0,143.0,145.0,226.0,226.0,,,,,,,,,,,,,,,,,,
Noordoostpolder,69.0,70.0,70.0,72.0,101.0,102.0,103.0,103.0,164.0,165.0,183.0,197.0,200.0,200.0,197.0,192.0,185.0,177.0,174.0,176.0,180.0,186.0,214.0,227.0,239.0,262.0,310.0,326.0
Noordwijk,127.0,128.0,128.0,127.0,201.0,202.0,202.0,204.0,302.0,306.0,338.0,356.0,363.0,363.0,353.0,343.0,343.0,327.0,319.0,325.0,332.0,345.0,333.0,361.0,388.0,431.0,488.0,494.0
Noordwijkerhout,111.0,111.0,111.0,111.0,179.0,180.0,180.0,179.0,273.0,274.0,291.0,307.0,308.0,305.0,300.0,286.0,276.0,264.0,255.0,246.0,264.0,274.0,,,,,,
Nootdorp,126.0,128.0,128.0,125.0,184.0,,,,,,,,,,,,,,,,,,,,,,,
Norg,86.0,,,,,,,,,,,,,,,,,,,,,,,,,,,
Nuenen,,,,,,,,,,,,,,,,,,,,,,,,,,,,
Nunspeet,112.0,110.0,110.0,111.0,175.0,176.0,176.0,177.0,259.0,260.0,273.0,292.0,297.0,300.0,295.0,291.0,278.0,260.0,253.0,249.0,260.0,270.0,284.0,300.0,320.0,353.0,396.0,425.0
Nuth,97.0,95.0,95.0,95.0,152.0,153.0,153.0,154.0,198.0,199.0,216.0,227.0,232.0,227.0,216.0,210.0,204.0,198.0,193.0,199.0,200.0,207.0,,,,,,
Obdam,92.0,93.0,93.0,93.0,142.0,141.0,142.0,144.0,229.0,229.0,,,,,,,,,,,,,,,,,,
Odoorn,76.0,,,,,,,,,,,,,,,,,,,,,,,,,,,
Oegstgeest,119.0,119.0,117.0,119.0,202.0,202.0,204.0,206.0,312.0,312.0,342.0,360.0,381.0,375.0,367.0,359.0,350.0,328.0,315.0,325.0,338.0,351.0,398.0,434.0,464.0,502.0,563.0,565.0
Oirschot,116.0,114.0,111.0,111.0,186.0,186.0,187.0,188.0,306.0,304.0,335.0,363.0,368.0,362.0,351.0,343.0,330.0,314.0,301.0,302.0,309.0,318.0,326.0,344.0,373.0,416.0,465.0,501.0
Oisterwijk,120.0,121.0,121.0,121.0,191.0,191.0,193.0,192.0,308.0,305.0,333.0,363.0,378.0,381.0,368.0,355.0,338.0,316.0,303.0,300.0,305.0,314.0,333.0,354.0,374.0,422.0,478.0,496.0
Oldambt,,,,,,,,,,,,,,157.0,155.0,150.0,144.0,133.0,128.0,126.0,127.0,134.0,151.0,164.0,182.0,207.0,254.0,264.0
Oldebroek,88.0,88.0,89.0,89.0,159.0,159.0,159.0,161.0,236.0,236.0,256.0,280.0,288.0,287.0,275.0,261.0,249.0,236.0,231.0,228.0,238.0,246.0,268.0,286.0,303.0,325.0,362.0,369.0
Oldenzaal,84.0,84.0,85.0,85.0,122.0,123.0,124.0,125.0,190.0,191.0,210.0,222.0,224.0,227.0,224.0,222.0,214.0,202.0,202.0,204.0,208.0,216.0,226.0,240.0,251.0,280.0,333.0,352.0
Olst,83.0,82.0,83.0,83.0,147.0,,,,,,,,,,,,,,,,,,,,,,,
Olst-Wijhe,,,,,,,148.0,150.0,216.0,217.0,234.0,245.0,252.0,250.0,248.0,243.0,236.0,227.0,221.0,219.0,220.0,229.0,249.0,268.0,287.0,319.0,370.0,390.0
Ommen,79.0,79.0,80.0,81.0,152.0,153.0,153.0,154.0,222.0,222.0,250.0,265.0,268.0,273.0,271.0,267.0,260.0,242.0,234.0,234.0,238.0,242.0,256.0,268.0,284.0,319.0,388.0,410.0
Onderbanken,91.0,92.0,92.0,93.0,144.0,144.0,144.0,145.0,178.0,178.0,189.0,190.0,191.0,192.0,185.0,184.0,180.0,168.0,165.0,169.0,167.0,177.0,,,,,,
Oost Gelre,,,,,,,,,,,228.0,239.0,238.0,237.0,228.0,220.0,210.0,196.0,197.0,197.0,202.0,204.0,218.0,230.0,246.0,261.0,289.0,307.0
Oostburg,63.0,63.0,63.0,63.0,80.0,,,,,,,,,,,,,,,,,,,,,,,
Oosterhesselen,83.0,,,,,,,,,,,,,,,,,,,,,,,,,,,
Oosterhout,81.0,82.0,82.0,82.0,150.0,147.0,147.0,148.0,211.0,211.0,234.0,246.0,259.0,258.0,252.0,250.0,236.0,224.0,212.0,213.0,220.0,230.0,244.0,262.0,284.0,305.0,354.0,366.0
Oostflakkee,77.0,77.0,71.0,78.0,116.0,117.0,117.0,118.0,173.0,175.0,188.0,196.0,201.0,203.0,203.0,202.0,,,,,,,,,,,,
Ooststellingwerf,72.0,73.0,73.0,73.0,110.0,111.0,111.0,112.0,174.0,174.0,190.0,204.0,208.0,211.0,207.0,204.0,194.0,180.0,168.0,170.0,177.0,191.0,207.0,222.0,240.0,263.0,303.0,310.0
Oostzaan,87.0,87.0,87.0,87.0,159.0,161.0,162.0,163.0,256.0,255.0,279.0,294.0,314.0,306.0,300.0,291.0,287.0,263.0,258.0,262.0,270.0,284.0,320.0,356.0,386.0,411.0,474.0,490.0
Ootmarsum,108.0,110.0,110.0,109.0,,,,,,,,,,,,,,,,,,,,,,,,
Opmeer,90.0,90.0,90.0,90.0,136.0,139.0,139.0,139.0,227.0,226.0,239.0,256.0,262.0,263.0,259.0,254.0,246.0,232.0,228.0,228.0,231.0,239.0,255.0,271.0,291.0,319.0,369.0,379.0
Opsterland,66.0,67.0,68.0,68.0,114.0,115.0,116.0,118.0,182.0,183.0,214.0,227.0,232.0,230.0,228.0,220.0,208.0,191.0,194.0,187.0,201.0,212.0,224.0,240.0,261.0,287.0,332.0,338.0
Oss,85.0,85.0,86.0,86.0,137.0,137.0,141.0,141.0,213.0,213.0,228.0,245.0,253.0,254.0,250.0,240.0,230.0,215.0,208.0,205.0,211.0,218.0,237.0,256.0,262.0,296.0,346.0,365.0
Oud-Beijerland,92.0,92.0,93.0,93.0,131.0,135.0,136.0,138.0,205.0,207.0,231.0,249.0,259.0,263.0,254.0,248.0,241.0,227.0,219.0,221.0,227.0,234.0,,,,,,
Oude IJsselstreek,,,,,,,,,205.0,206.0,217.0,229.0,234.0,235.0,234.0,221.0,213.0,197.0,189.0,191.0,193.0,198.0,215.0,224.0,239.0,270.0,309.0,329.0
Ouder-Amstel,105.0,106.0,112.0,112.0,189.0,189.0,190.0,190.0,284.0,284.0,307.0,330.0,347.0,348.0,349.0,341.0,323.0,298.0,296.0,310.0,330.0,358.0,399.0,434.0,468.0,507.0,558.0,559.0
Ouderkerk,79.0,80.0,80.0,80.0,145.0,147.0,148.0,149.0,220.0,224.0,245.0,261.0,269.0,272.0,260.0,258.0,251.0,234.0,,,,,,,,,,
Oudewater,90.0,91.0,91.0,92.0,170.0,171.0,171.0,171.0,273.0,274.0,291.0,312.0,326.0,331.0,318.0,308.0,300.0,282.0,276.0,273.0,282.0,287.0,308.0,324.0,344.0,368.0,416.0,420.0
Overbetuwe,,,,,151.0,151.0,151.0,151.0,238.0,238.0,248.0,260.0,268.0,274.0,263.0,254.0,246.0,235.0,227.0,222.0,227.0,235.0,248.0,265.0,287.0,327.0,382.0,405.0
Overijssel (PV),72.0,72.0,73.0,73.0,119.0,120.0,121.0,122.0,185.0,186.0,201.0,214.0,220.0,222.0,218.0,213.0,207.0,195.0,191.0,192.0,196.0,204.0,221.0,235.0,251.0,280.0,326.0,344.0
Papendrecht,70.0,74.0,75.0,75.0,128.0,128.0,129.0,130.0,189.0,190.0,201.0,217.0,225.0,227.0,217.0,213.0,205.0,190.0,183.0,188.0,193.0,204.0,218.0,237.0,258.0,277.0,331.0,344.0
Peel en Maas,,,,,,,,,,,,,,263.0,252.0,247.0,238.0,228.0,222.0,224.0,227.0,234.0,251.0,266.0,284.0,298.0,356.0,357.0
Peize,97.0,,,,,,,,,,,,,,,,,,,,,,,,,,,
Pekela,45.0,45.0,46.0,47.0,75.0,76.0,78.0,78.0,124.0,125.0,134.0,140.0,145.0,147.0,146.0,144.0,137.0,132.0,129.0,128.0,127.0,127.0,132.0,139.0,148.0,167.0,195.0,203.0
Pijnacker,116.0,116.0,117.0,111.0,158.0,,,,,,,,,,,,,,,,,,,,,,,
Pijnacker-Nootdorp,,,,,,168.0,161.0,166.0,247.0,249.0,266.0,276.0,297.0,298.0,293.0,287.0,280.0,269.0,258.0,266.0,270.0,290.0,321.0,346.0,368.0,404.0,482.0,500.0
Purmerend,66.0,67.0,68.0,68.0,115.0,118.0,118.0,118.0,181.0,182.0,189.0,209.0,216.0,217.0,214.0,207.0,201.0,189.0,184.0,185.0,191.0,209.0,235.0,261.0,281.0,329.0,383.0,394.0
Putten,105.0,105.0,105.0,106.0,196.0,197.0,197.0,198.0,269.0,270.0,294.0,310.0,319.0,319.0,312.0,310.0,299.0,292.0,289.0,283.0,297.0,312.0,325.0,345.0,367.0,412.0,489.0,485.0
Raalte,82.0,82.0,83.0,84.0,150.0,151.0,152.0,153.0,226.0,227.0,245.0,257.0,261.0,261.0,257.0,255.0,249.0,238.0,229.0,227.0,228.0,233.0,253.0,269.0,288.0,317.0,369.0,390.0
Ravenstein,81.0,79.0,79.0,80.0,172.0,,,,,,,,,,,,,,,,,,,,,,,
Reeuwijk,128.0,128.0,129.0,129.0,208.0,207.0,208.0,208.0,306.0,306.0,334.0,356.0,363.0,368.0,,,,,,,,,,,,,,
Reiderland,39.0,39.0,40.0,40.0,70.0,71.0,72.0,72.0,118.0,119.0,124.0,136.0,142.0,,,,,,,,,,,,,,,
Reimerswaal,70.0,70.0,71.0,72.0,97.0,98.0,98.0,99.0,154.0,155.0,184.0,196.0,202.0,203.0,202.0,199.0,193.0,189.0,185.0,185.0,190.0,195.0,203.0,211.0,222.0,235.0,273.0,296.0
Renkum,91.0,91.0,92.0,92.0,176.0,175.0,175.0,176.0,253.0,253.0,270.0,284.0,295.0,293.0,286.0,281.0,268.0,252.0,246.0,243.0,247.0,259.0,282.0,299.0,315.0,339.0,403.0,414.0
Renswoude,103.0,104.0,103.0,103.0,171.0,172.0,172.0,172.0,260.0,262.0,270.0,287.0,296.0,314.0,313.0,310.0,296.0,279.0,274.0,274.0,278.0,288.0,323.0,345.0,369.0,402.0,500.0,516.0
Reusel-De Mierden,115.0,112.0,113.0,114.0,180.0,179.0,180.0,179.0,267.0,269.0,292.0,311.0,315.0,315.0,300.0,291.0,281.0,267.0,259.0,255.0,263.0,271.0,291.0,307.0,325.0,376.0,416.0,439.0
Rheden,76.0,76.0,76.0,76.0,144.0,144.0,145.0,145.0,212.0,212.0,228.0,243.0,247.0,241.0,234.0,229.0,218.0,204.0,196.0,199.0,203.0,210.0,220.0,236.0,251.0,280.0,346.0,361.0
Rhenen,102.0,102.0,102.0,103.0,161.0,162.0,163.0,164.0,245.0,247.0,262.0,279.0,289.0,292.0,291.0,283.0,274.0,253.0,242.0,238.0,241.0,265.0,294.0,311.0,332.0,358.0,411.0,435.0
Ridderkerk,77.0,85.0,85.0,86.0,116.0,115.0,116.0,117.0,183.0,186.0,203.0,216.0,219.0,216.0,210.0,209.0,202.0,194.0,184.0,186.0,188.0,195.0,213.0,235.0,257.0,285.0,331.0,342.0
Rijnsburg,112.0,112.0,113.0,114.0,174.0,,,,,,,,,,,,,,,,,,,,,,,
Rijnwaarden,75.0,76.0,76.0,76.0,119.0,122.0,122.0,122.0,191.0,191.0,205.0,213.0,212.0,216.0,208.0,202.0,192.0,186.0,178.0,171.0,170.0,,,,,,,
Rijnwoude,105.0,105.0,106.0,106.0,162.0,162.0,162.0,162.0,241.0,239.0,259.0,276.0,286.0,286.0,281.0,279.0,273.0,,,,,,,,,,,
Rijssen,73.0,74.0,74.0,74.0,136.0,,,,,,,,,,,,,,,,,,,,,,,
Rijssen-Holten,,,,,,,,139.0,205.0,206.0,221.0,239.0,249.0,256.0,251.0,246.0,231.0,219.0,213.0,215.0,222.0,228.0,243.0,257.0,275.0,314.0,352.0,380.0
Rijswijk (ZH.),75.0,77.0,78.0,77.0,124.0,120.0,120.0,118.0,173.0,173.0,189.0,206.0,208.0,209.0,202.0,199.0,193.0,182.0,175.0,180.0,189.0,201.0,224.0,253.0,271.0,302.0,346.0,355.0
Roden,80.0,,,,,,,,,,,,,,,,,,,,,,,,,,,
Roerdalen,97.0,98.0,99.0,98.0,147.0,149.0,149.0,150.0,192.0,194.0,212.0,214.0,218.0,219.0,212.0,208.0,203.0,198.0,192.0,197.0,201.0,209.0,223.0,232.0,245.0,261.0,307.0,307.0
Roermond,77.0,77.0,77.0,78.0,117.0,117.0,118.0,119.0,163.0,163.0,176.0,184.0,193.0,195.0,188.0,187.0,180.0,174.0,167.0,173.0,177.0,185.0,200.0,215.0,228.0,243.0,289.0,292.0
Roggel en Neer,97.0,97.0,97.0,98.0,151.0,151.0,152.0,153.0,219.0,218.0,,,,,,,,,,,,,,,,,,
Rolde,92.0,,,,,,,,,,,,,,,,,,,,,,,,,,,
Roosendaal,74.0,74.0,74.0,74.0,125.0,125.0,126.0,126.0,192.0,193.0,216.0,231.0,236.0,230.0,223.0,218.0,212.0,203.0,198.0,198.0,202.0,207.0,217.0,228.0,241.0,259.0,292.0,300.0
Rossum,91.0,93.0,,,,,,,,,,,,,,,,,,,,,,,,,,
Rotterdam,56.0,55.0,56.0,57.0,83.0,83.0,84.0,86.0,135.0,136.0,149.0,159.0,163.0,164.0,162.0,159.0,153.0,148.0,146.0,147.0,154.0,166.0,191.0,221.0,245.0,275.0,320.0,334.0
Rozenburg,71.0,71.0,71.0,71.0,102.0,103.0,103.0,103.0,142.0,142.0,161.0,178.0,184.0,186.0,,,,,,,,,,,,,,
Rozendaal,174.0,175.0,179.0,192.0,315.0,316.0,317.0,317.0,459.0,460.0,480.0,509.0,523.0,531.0,518.0,505.0,475.0,461.0,455.0,452.0,460.0,469.0,490.0,533.0,566.0,614.0,750.0,769.0
Rucphen,104.0,104.0,105.0,105.0,154.0,155.0,156.0,157.0,230.0,231.0,253.0,266.0,273.0,274.0,268.0,261.0,256.0,246.0,244.0,236.0,239.0,244.0,264.0,276.0,291.0,315.0,352.0,370.0
Ruinen,97.0,,,,,,,,,,,,,,,,,,,,,,,,,,,
Ruinerwold,98.0,,,,,,,,,,,,,,,,,,,,,,,,,,,
Ruurlo,95.0,94.0,95.0,95.0,154.0,,,,,,,,,,,,,,,,,,,,,,,
Sas van Gent,52.0,51.0,52.0,53.0,78.0,,,,,,,,,,,,,,,,,,,,,,,
Sassenheim,106.0,106.0,105.0,107.0,169.0,,,,,,,,,,,,,,,,,,,,,,,
Schagen,81.0,82.0,82.0,82.0,134.0,135.0,136.0,137.0,193.0,193.0,204.0,217.0,227.0,229.0,228.0,225.0,233.0,222.0,216.0,219.0,224.0,231.0,248.0,264.0,278.0,311.0,348.0,359.0
Scheemda,48.0,49.0,49.0,49.0,89.0,89.0,89.0,90.0,139.0,139.0,154.0,165.0,168.0,,,,,,,,,,,,,,,
Schermer,99.0,99.0,100.0,100.0,163.0,164.0,166.0,166.0,259.0,255.0,265.0,279.0,288.0,289.0,286.0,278.0,267.0,242.0,,,,,,,,,,
Scherpenzeel,93.0,93.0,94.0,94.0,165.0,165.0,165.0,166.0,248.0,249.0,261.0,271.0,277.0,280.0,275.0,271.0,268.0,265.0,255.0,247.0,258.0,260.0,276.0,298.0,313.0,347.0,389.0,417.0
Schiedam,53.0,53.0,54.0,54.0,87.0,88.0,88.0,87.0,134.0,134.0,151.0,157.0,160.0,162.0,159.0,156.0,156.0,148.0,145.0,146.0,148.0,156.0,170.0,195.0,221.0,250.0,288.0,299.0
Schiermonnikoog,86.0,86.0,87.0,87.0,151.0,151.0,151.0,152.0,243.0,243.0,261.0,292.0,303.0,285.0,288.0,281.0,270.0,250.0,237.0,233.0,236.0,247.0,247.0,256.0,282.0,333.0,383.0,405.0
Schijndel,110.0,110.0,111.0,110.0,167.0,168.0,169.0,169.0,263.0,263.0,270.0,285.0,291.0,279.0,275.0,267.0,256.0,261.0,250.0,251.0,,,,,,,,
Schinnen,100.0,100.0,101.0,101.0,150.0,150.0,151.0,151.0,196.0,196.0,212.0,228.0,233.0,229.0,220.0,214.0,203.0,193.0,186.0,190.0,189.0,202.0,,,,,,
Schipluiden,102.0,102.0,105.0,107.0,173.0,,,,,,,,,,,,,,,,,,,,,,,
Schoonebeek,67.0,,,,,,,,,,,,,,,,,,,,,,,,,,,
Schoonhoven,71.0,71.0,71.0,71.0,135.0,136.0,136.0,136.0,200.0,200.0,222.0,237.0,245.0,247.0,239.0,236.0,229.0,217.0,,,,,,,,,,
Schoorl,138.0,138.0,139.0,139.0,,,,,,,,,,,,,,,,,,,,,,,,
Schouwen-Duiveland,87.0,86.0,87.0,87.0,130.0,130.0,131.0,132.0,206.0,206.0,228.0,242.0,247.0,251.0,247.0,239.0,234.0,228.0,224.0,226.0,230.0,235.0,251.0,261.0,279.0,304.0,343.0,382.0
Sevenum,108.0,108.0,108.0,108.0,158.0,159.0,159.0,161.0,221.0,221.0,243.0,257.0,263.0,,,,,,,,,,,,,,,
Simpelveld,90.0,89.0,90.0,91.0,133.0,133.0,134.0,134.0,170.0,171.0,188.0,188.0,187.0,188.0,177.0,176.0,172.0,160.0,158.0,160.0,166.0,171.0,176.0,194.0,204.0,212.0,250.0,253.0
Sint Anthonis,112.0,111.0,111.0,112.0,174.0,173.0,176.0,177.0,271.0,271.0,289.0,306.0,313.0,309.0,302.0,294.0,279.0,262.0,251.0,252.0,259.0,,292.0,315.0,311.0,,,
Sint-Michielsgestel,122.0,122.0,123.0,122.0,195.0,194.0,195.0,195.0,291.0,292.0,317.0,334.0,344.0,345.0,336.0,327.0,310.0,294.0,285.0,286.0,290.0,299.0,322.0,342.0,359.0,392.0,460.0,465.0
Sint-Oedenrode,91.0,92.0,93.0,94.0,187.0,187.0,189.0,191.0,282.0,284.0,303.0,324.0,335.0,341.0,333.0,325.0,311.0,295.0,285.0,284.0,,,,,,,,
Sittard,85.0,85.0,85.0,86.0,,,,,,,,,,,,,,,,,,,,,,,,
Sittard-Geleen,,,,,126.0,127.0,127.0,128.0,163.0,163.0,176.0,181.0,186.0,185.0,182.0,176.0,168.0,157.0,152.0,156.0,159.0,165.0,178.0,192.0,204.0,218.0,253.0,252.0
Skarsterl√¢n,67.0,67.0,68.0,69.0,120.0,120.0,120.0,121.0,193.0,193.0,215.0,231.0,240.0,239.0,236.0,229.0,220.0,,,,,,,,,,,
Sleen,73.0,,,,,,,,,,,,,,,,,,,,,,,,,,,
Sliedrecht,75.0,75.0,75.0,76.0,113.0,114.0,114.0,114.0,167.0,167.0,180.0,194.0,200.0,202.0,193.0,192.0,185.0,173.0,168.0,172.0,178.0,187.0,201.0,221.0,240.0,256.0,303.0,314.0
Slochteren,62.0,62.0,63.0,64.0,107.0,108.0,109.0,109.0,170.0,171.0,183.0,200.0,205.0,210.0,204.0,195.0,189.0,184.0,185.0,187.0,187.0,,,,,,,
Sluis,,,,,,,85.0,86.0,138.0,140.0,155.0,169.0,175.0,177.0,179.0,179.0,183.0,182.0,183.0,183.0,188.0,195.0,213.0,224.0,242.0,269.0,304.0,322.0
Sluis-Aardenburg,69.0,67.0,67.0,68.0,96.0,,,,,,,,,,,,,,,,,,,,,,,
Smallingerland,61.0,62.0,63.0,64.0,97.0,98.0,99.0,100.0,155.0,156.0,173.0,190.0,197.0,198.0,196.0,188.0,179.0,167.0,159.0,158.0,163.0,170.0,181.0,195.0,211.0,234.0,276.0,287.0
Smilde,64.0,,,,,,,,,,,,,,,,,,,,,,,,,,,
Sneek,53.0,54.0,55.0,56.0,90.0,91.0,93.0,95.0,152.0,153.0,172.0,186.0,194.0,198.0,,,,,,,,,,,,,,
Soest,100.0,101.0,101.0,101.0,183.0,183.0,183.0,183.0,262.0,263.0,284.0,302.0,315.0,326.0,317.0,306.0,292.0,273.0,263.0,266.0,273.0,291.0,313.0,333.0,355.0,386.0,427.0,454.0
Someren,103.0,102.0,102.0,102.0,172.0,172.0,173.0,174.0,254.0,255.0,270.0,291.0,301.0,303.0,294.0,288.0,278.0,265.0,254.0,251.0,257.0,,292.0,312.0,322.0,353.0,392.0,408.0
Son en Breugel,116.0,115.0,115.0,117.0,188.0,187.0,189.0,189.0,275.0,276.0,300.0,326.0,344.0,345.0,338.0,322.0,308.0,295.0,283.0,284.0,282.0,303.0,327.0,350.0,373.0,402.0,459.0,490.0
Spijkenisse,72.0,71.0,72.0,73.0,99.0,101.0,102.0,101.0,155.0,155.0,167.0,172.0,175.0,175.0,171.0,169.0,163.0,156.0,,,,,,,,,,
Stad Delden,108.0,108.0,108.0,108.0,,,,,,,,,,,,,,,,,,,,,,,,
Stadskanaal,58.0,59.0,60.0,60.0,90.0,90.0,91.0,91.0,145.0,146.0,157.0,163.0,165.0,166.0,165.0,164.0,156.0,146.0,142.0,140.0,143.0,149.0,165.0,175.0,187.0,207.0,242.0,264.0
Staphorst,77.0,76.0,77.0,77.0,153.0,153.0,154.0,154.0,241.0,235.0,255.0,274.0,287.0,289.0,284.0,277.0,266.0,247.0,241.0,240.0,245.0,252.0,271.0,277.0,292.0,317.0,350.0,358.0
Stede Broec,78.0,78.0,78.0,78.0,113.0,113.0,114.0,115.0,184.0,185.0,196.0,209.0,216.0,218.0,215.0,206.0,192.0,180.0,181.0,184.0,191.0,206.0,221.0,244.0,264.0,294.0,355.0,363.0
Steenbergen,85.0,85.0,86.0,87.0,135.0,135.0,135.0,135.0,201.0,202.0,216.0,222.0,226.0,226.0,221.0,213.0,207.0,204.0,200.0,198.0,201.0,207.0,223.0,238.0,254.0,286.0,326.0,345.0
Steenderen,85.0,85.0,86.0,86.0,184.0,,,,,,,,,,,,,,,,,,,,,,,
Steenwijk,68.0,69.0,70.0,70.0,120.0,,,,,,,,,,,,,,,,,,,,,,,
Steenwijkerland,,,,,,,121.0,122.0,182.0,182.0,199.0,217.0,225.0,229.0,224.0,214.0,210.0,196.0,189.0,188.0,190.0,200.0,221.0,230.0,245.0,270.0,309.0,323.0
Stein (L.),88.0,88.0,88.0,88.0,138.0,138.0,139.0,140.0,181.0,182.0,198.0,208.0,211.0,207.0,196.0,193.0,187.0,179.0,173.0,176.0,183.0,194.0,205.0,222.0,234.0,244.0,288.0,291.0
Stichtse Vecht,,,,,,,,,,,,,,,304.0,298.0,290.0,270.0,261.0,266.0,279.0,298.0,324.0,343.0,364.0,392.0,455.0,460.0
Stramproy,96.0,,,,,,,,,,,,,,,,,,,,,,,,,,,
Strijen,85.0,86.0,87.0,88.0,131.0,131.0,132.0,133.0,205.0,205.0,226.0,243.0,254.0,257.0,247.0,245.0,235.0,222.0,213.0,214.0,215.0,218.0,,,,,,
Susteren,94.0,94.0,94.0,94.0,145.0,,,,,,,,,,,,,,,,,,,,,,,
Swalmen,81.0,82.0,82.0,83.0,128.0,129.0,130.0,131.0,171.0,172.0,,,,,,,,,,,,,,,,,,
S√∫dwest-Frysl√¢n,,,,,,,,,,,,,,,201.0,196.0,185.0,174.0,172.0,175.0,181.0,189.0,207.0,217.0,229.0,251.0,289.0,300.0
Tegelen,78.0,78.0,78.0,78.0,,,,,,,,,,,,,,,,,,,,,,,,
Ten Boer,66.0,67.0,67.0,68.0,97.0,98.0,98.0,98.0,158.0,158.0,174.0,185.0,194.0,195.0,192.0,187.0,183.0,174.0,165.0,165.0,169.0,175.0,,,,,,
Ter Aar,94.0,94.0,95.0,95.0,178.0,177.0,177.0,180.0,258.0,261.0,,,,,,,,,,,,,,,,,,
Terneuzen,56.0,56.0,58.0,58.0,80.0,81.0,83.0,84.0,131.0,132.0,146.0,154.0,160.0,163.0,162.0,161.0,158.0,157.0,157.0,159.0,162.0,165.0,172.0,181.0,192.0,208.0,236.0,243.0
Terschelling,76.0,77.0,77.0,77.0,190.0,190.0,191.0,191.0,269.0,271.0,294.0,305.0,314.0,322.0,321.0,318.0,312.0,297.0,289.0,290.0,301.0,309.0,313.0,322.0,342.0,390.0,426.0,437.0
Texel,96.0,96.0,96.0,97.0,137.0,138.0,139.0,140.0,224.0,225.0,250.0,262.0,276.0,278.0,269.0,269.0,264.0,258.0,258.0,263.0,286.0,279.0,272.0,287.0,305.0,328.0,372.0,395.0
Teylingen,,,,,,,,,,277.0,298.0,311.0,321.0,321.0,316.0,304.0,294.0,285.0,280.0,277.0,286.0,297.0,319.0,347.0,370.0,404.0,458.0,462.0
Tholen,68.0,69.0,69.0,70.0,99.0,100.0,100.0,103.0,162.0,164.0,183.0,198.0,203.0,202.0,199.0,195.0,191.0,185.0,183.0,182.0,186.0,188.0,197.0,203.0,213.0,229.0,260.0,287.0
Thorn,78.0,79.0,79.0,80.0,157.0,158.0,158.0,159.0,220.0,220.0,,,,,,,,,,,,,,,,,,
Tiel,86.0,87.0,83.0,84.0,121.0,122.0,122.0,129.0,180.0,184.0,197.0,217.0,224.0,230.0,224.0,217.0,207.0,194.0,188.0,189.0,192.0,198.0,209.0,224.0,238.0,264.0,316.0,348.0
Tilburg,64.0,65.0,66.0,61.0,107.0,118.0,118.0,119.0,193.0,191.0,206.0,215.0,217.0,218.0,212.0,207.0,199.0,187.0,180.0,181.0,184.0,193.0,210.0,228.0,247.0,269.0,314.0,326.0
Tubbergen,82.0,83.0,84.0,84.0,154.0,156.0,156.0,158.0,240.0,241.0,253.0,269.0,276.0,282.0,274.0,260.0,253.0,240.0,237.0,238.0,245.0,257.0,290.0,304.0,320.0,360.0,401.0,426.0
Twenterand,,,,,,,124.0,125.0,192.0,193.0,208.0,222.0,228.0,232.0,227.0,217.0,212.0,202.0,197.0,195.0,198.0,206.0,222.0,234.0,251.0,277.0,327.0,339.0
Tynaarlo,,,,99.0,140.0,141.0,141.0,142.0,212.0,213.0,231.0,253.0,262.0,263.0,259.0,256.0,247.0,236.0,233.0,234.0,243.0,256.0,269.0,285.0,306.0,341.0,393.0,409.0
Tytsjerksteradiel,75.0,75.0,76.0,76.0,113.0,113.0,113.0,114.0,174.0,174.0,194.0,211.0,221.0,222.0,218.0,214.0,206.0,192.0,184.0,183.0,183.0,192.0,203.0,214.0,226.0,248.0,283.0,295.0
Ubbergen,73.0,74.0,73.0,75.0,157.0,155.0,157.0,157.0,245.0,245.0,254.0,269.0,280.0,280.0,273.0,264.0,257.0,242.0,,,,,,,,,,
Uden,96.0,96.0,97.0,98.0,153.0,153.0,154.0,154.0,238.0,238.0,251.0,269.0,281.0,282.0,273.0,261.0,247.0,231.0,221.0,224.0,229.0,237.0,259.0,282.0,288.0,,,
Uitgeest,101.0,101.0,102.0,101.0,153.0,153.0,153.0,154.0,229.0,230.0,249.0,262.0,267.0,268.0,265.0,262.0,253.0,242.0,237.0,239.0,247.0,260.0,287.0,311.0,333.0,363.0,447.0,443.0
Uithoorn,104.0,104.0,105.0,104.0,161.0,163.0,164.0,165.0,239.0,237.0,241.0,253.0,258.0,257.0,255.0,249.0,238.0,224.0,221.0,228.0,239.0,258.0,282.0,311.0,334.0,365.0,427.0,433.0
Urk,82.0,82.0,82.0,82.0,108.0,107.0,107.0,109.0,173.0,173.0,202.0,213.0,212.0,212.0,209.0,206.0,200.0,194.0,191.0,188.0,197.0,210.0,222.0,239.0,259.0,293.0,327.0,343.0
Utrecht (PV),98.0,99.0,99.0,99.0,161.0,160.0,161.0,161.0,231.0,232.0,249.0,269.0,283.0,286.0,279.0,274.0,264.0,248.0,240.0,241.0,255.0,274.0,301.0,326.0,349.0,382.0,448.0,450.0
Utrecht (gemeente),79.0,80.0,80.0,80.0,131.0,132.0,133.0,133.0,183.0,184.0,204.0,223.0,243.0,248.0,241.0,240.0,235.0,221.0,211.0,210.0,236.0,262.0,299.0,331.0,357.0,392.0,458.0,450.0
Utrechtse Heuvelrug,,,,,,,,,,292.0,308.0,346.0,358.0,361.0,349.0,336.0,321.0,304.0,295.0,303.0,313.0,331.0,357.0,375.0,396.0,427.0,494.0,508.0
Vaals,85.0,84.0,85.0,85.0,118.0,118.0,119.0,119.0,144.0,144.0,155.0,161.0,163.0,161.0,158.0,155.0,151.0,143.0,141.0,147.0,147.0,153.0,157.0,168.0,174.0,188.0,220.0,220.0
Valburg,105.0,102.0,103.0,103.0,,,,,,,,,,,,,,,,,,,,,,,,
Valkenburg (ZH.),101.0,102.0,98.0,100.0,146.0,,,,,,,,,,,,,,,,,,,,,,,
Valkenburg aan de Geul,96.0,95.0,96.0,96.0,154.0,154.0,155.0,156.0,205.0,203.0,223.0,236.0,241.0,237.0,226.0,221.0,213.0,201.0,193.0,194.0,195.0,200.0,221.0,235.0,256.0,273.0,318.0,319.0
Valkenswaard,85.0,86.0,86.0,86.0,163.0,164.0,164.0,165.0,238.0,238.0,254.0,272.0,284.0,283.0,272.0,268.0,255.0,243.0,236.0,240.0,243.0,252.0,268.0,283.0,301.0,326.0,360.0,380.0
Veendam,61.0,62.0,62.0,63.0,87.0,88.0,89.0,90.0,134.0,135.0,144.0,154.0,158.0,158.0,157.0,155.0,149.0,142.0,141.0,141.0,139.0,140.0,146.0,154.0,164.0,180.0,213.0,226.0
Veenendaal,89.0,89.0,89.0,90.0,140.0,141.0,141.0,141.0,207.0,208.0,223.0,236.0,245.0,251.0,243.0,239.0,224.0,210.0,201.0,205.0,208.0,218.0,235.0,256.0,275.0,303.0,375.0,389.0
Veere,89.0,90.0,90.0,92.0,130.0,131.0,133.0,134.0,207.0,208.0,248.0,271.0,277.0,279.0,280.0,275.0,269.0,261.0,258.0,257.0,261.0,266.0,282.0,296.0,313.0,340.0,388.0,436.0
Veghel,101.0,101.0,101.0,101.0,149.0,153.0,153.0,156.0,258.0,258.0,273.0,292.0,300.0,305.0,301.0,283.0,269.0,248.0,235.0,228.0,,,,,,,,
Veldhoven,90.0,89.0,90.0,90.0,165.0,165.0,165.0,167.0,245.0,245.0,257.0,272.0,283.0,292.0,284.0,279.0,267.0,254.0,246.0,251.0,262.0,278.0,298.0,320.0,346.0,375.0,442.0,459.0
Velsen,85.0,86.0,86.0,87.0,133.0,134.0,134.0,135.0,212.0,214.0,229.0,240.0,249.0,251.0,245.0,240.0,231.0,220.0,212.0,218.0,227.0,243.0,266.0,289.0,304.0,343.0,393.0,395.0
Venhuizen,81.0,81.0,83.0,83.0,157.0,,,,,,,,,,,,,,,,,,,,,,,
Venlo,61.0,61.0,61.0,63.0,116.0,117.0,117.0,118.0,160.0,160.0,195.0,193.0,195.0,200.0,194.0,188.0,182.0,176.0,170.0,175.0,177.0,188.0,200.0,215.0,226.0,241.0,285.0,288.0
Venray,72.0,72.0,73.0,74.0,138.0,139.0,140.0,141.0,200.0,202.0,216.0,233.0,236.0,240.0,234.0,228.0,223.0,213.0,207.0,204.0,238.0,216.0,228.0,240.0,254.0,276.0,315.0,328.0
Vianen,82.0,83.0,83.0,83.0,143.0,145.0,138.0,138.0,204.0,204.0,218.0,234.0,239.0,242.0,240.0,236.0,228.0,218.0,212.0,212.0,219.0,229.0,,,,,,
Vierlingsbeek,104.0,,,,,,,,,,,,,,,,,,,,,,,,,,,
Vijfheerenlanden,,,,,,,,,,,,,,,,,,,,,,,252.0,265.0,283.0,331.0,379.0,390.0
Vlaardingen,62.0,62.0,63.0,63.0,98.0,99.0,99.0,99.0,152.0,153.0,166.0,173.0,178.0,180.0,178.0,174.0,170.0,164.0,159.0,159.0,163.0,169.0,183.0,202.0,220.0,245.0,278.0,290.0
Vlagtwedde,60.0,61.0,62.0,63.0,93.0,94.0,95.0,96.0,152.0,153.0,169.0,180.0,190.0,195.0,189.0,188.0,179.0,171.0,165.0,166.0,170.0,,,,,,,
Vledder,74.0,,,,,,,,,,,,,,,,,,,,,,,,,,,
Vleuten-De Meern,104.0,105.0,105.0,106.0,,,,,,,,,,,,,,,,,,,,,,,,
Vlieland,88.0,88.0,87.0,89.0,147.0,147.0,143.0,143.0,213.0,212.0,242.0,265.0,280.0,280.0,277.0,270.0,250.0,242.0,223.0,238.0,260.0,260.0,260.0,284.0,306.0,327.0,392.0,402.0
Vlissingen,71.0,70.0,70.0,66.0,92.0,92.0,87.0,87.0,136.0,137.0,155.0,165.0,169.0,170.0,166.0,171.0,164.0,154.0,148.0,148.0,151.0,154.0,158.0,166.0,181.0,199.0,230.0,247.0
Vlist,100.0,100.0,101.0,102.0,186.0,187.0,188.0,189.0,270.0,271.0,290.0,309.0,319.0,323.0,309.0,304.0,289.0,277.0,,,,,,,,,,
Voerendaal,80.0,80.0,79.0,80.0,154.0,155.0,154.0,154.0,210.0,210.0,224.0,222.0,228.0,232.0,226.0,223.0,218.0,205.0,202.0,208.0,210.0,222.0,236.0,253.0,264.0,281.0,329.0,326.0
Voorburg,87.0,86.0,87.0,87.0,135.0,,,,,,,,,,,,,,,,,,,,,,,
Voorhout,114.0,116.0,117.0,122.0,178.0,,,,,,,,,,,,,,,,,,,,,,,
Voorschoten,123.0,123.0,124.0,123.0,183.0,182.0,183.0,185.0,269.0,270.0,284.0,294.0,309.0,313.0,311.0,305.0,300.0,288.0,280.0,281.0,328.0,311.0,336.0,363.0,385.0,424.0,486.0,501.0
Voorst,92.0,94.0,94.0,95.0,180.0,179.0,181.0,181.0,268.0,267.0,284.0,302.0,309.0,312.0,299.0,287.0,278.0,264.0,247.0,254.0,261.0,275.0,298.0,319.0,336.0,360.0,431.0,455.0
Vorden,100.0,100.0,103.0,100.0,167.0,,,,,,,,,,,,,,,,,,,,,,,
Vries,102.0,,,,,,,,,,,,,,,,,,,,,,,,,,,
Vriezenveen,73.0,73.0,74.0,74.0,123.0,,,,,,,,,,,,,,,,,,,,,,,
Vught,118.0,118.0,118.0,119.0,190.0,192.0,191.0,192.0,300.0,298.0,331.0,353.0,365.0,367.0,361.0,350.0,339.0,324.0,317.0,315.0,327.0,345.0,362.0,388.0,406.0,437.0,496.0,523.0
Waadhoeke,,,,,,,,,,,,,,,,,,,,,,154.0,170.0,180.0,188.0,207.0,242.0,257.0
Waalre,130.0,131.0,130.0,130.0,209.0,209.0,210.0,211.0,304.0,304.0,330.0,353.0,368.0,366.0,348.0,338.0,323.0,301.0,291.0,298.0,305.0,316.0,333.0,355.0,386.0,420.0,491.0,511.0
Waalwijk,76.0,76.0,77.0,77.0,133.0,134.0,134.0,135.0,225.0,225.0,248.0,261.0,263.0,266.0,254.0,244.0,231.0,217.0,210.0,208.0,212.0,222.0,237.0,253.0,272.0,295.0,341.0,351.0
Waddinxveen,89.0,89.0,90.0,91.0,144.0,144.0,144.0,145.0,211.0,212.0,227.0,237.0,243.0,241.0,238.0,230.0,221.0,206.0,201.0,201.0,205.0,214.0,239.0,265.0,282.0,319.0,372.0,387.0
Wageningen,76.0,77.0,76.0,73.0,134.0,141.0,142.0,143.0,201.0,202.0,228.0,246.0,252.0,262.0,261.0,258.0,253.0,244.0,237.0,234.0,220.0,231.0,227.0,243.0,257.0,291.0,347.0,352.0
Warmond,121.0,121.0,121.0,121.0,218.0,,,,,,,,,,,,,,,,,,,,,,,
Warnsveld,104.0,104.0,104.0,104.0,148.0,,,,,,,,,,,,,,,,,,,,,,,
Wassenaar,177.0,177.0,178.0,179.0,323.0,322.0,323.0,323.0,512.0,503.0,521.0,552.0,568.0,562.0,550.0,536.0,514.0,482.0,461.0,476.0,484.0,523.0,566.0,601.0,624.0,663.0,730.0,729.0
Wateringen,95.0,95.0,96.0,95.0,144.0,,,,,,,,,,,,,,,,,,,,,,,
Waterland,96.0,96.0,97.0,97.0,171.0,170.0,171.0,172.0,249.0,253.0,283.0,306.0,316.0,315.0,304.0,300.0,286.0,268.0,260.0,267.0,283.0,302.0,339.0,364.0,382.0,413.0,457.0,467.0
Weerselo,89.0,89.0,90.0,90.0,,,,,,,,,,,,,,,,,,,,,,,,
Weert,87.0,88.0,89.0,89.0,147.0,148.0,149.0,150.0,209.0,210.0,223.0,241.0,245.0,248.0,241.0,237.0,227.0,211.0,205.0,203.0,206.0,219.0,240.0,256.0,265.0,275.0,330.0,335.0
Weesp,79.0,81.0,82.0,83.0,131.0,132.0,132.0,132.0,206.0,206.0,219.0,237.0,246.0,254.0,250.0,242.0,233.0,224.0,221.0,221.0,228.0,253.0,289.0,348.0,373.0,400.0,,
Wehl,99.0,100.0,100.0,101.0,160.0,,,,,,,,,,,,,,,,,,,,,,,
Werkendam,99.0,99.0,99.0,99.0,142.0,144.0,145.0,145.0,214.0,215.0,242.0,257.0,267.0,270.0,266.0,256.0,247.0,235.0,230.0,229.0,231.0,237.0,,,,,,
Wervershoof,85.0,85.0,85.0,86.0,134.0,134.0,134.0,135.0,216.0,216.0,226.0,234.0,248.0,247.0,,,,,,,,,,,,,,
West Betuwe,,,,,,,,,,,,,,,,,,,,,,,284.0,301.0,321.0,354.0,413.0,436.0
West Maas en Waal,102.0,103.0,103.0,106.0,154.0,155.0,156.0,155.0,251.0,253.0,265.0,282.0,293.0,296.0,284.0,270.0,262.0,244.0,235.0,236.0,236.0,238.0,256.0,277.0,297.0,327.0,389.0,404.0
Wester-Koggenland,97.0,97.0,97.0,98.0,148.0,149.0,150.0,151.0,233.0,232.0,,,,,,,,,,,,,,,,,,
Westerbork,77.0,,,,,,,,,,,,,,,,,,,,,,,,,,,
Westerkwartier,,,,,,,,,,,,,,,,,,,,,,,214.0,225.0,238.0,261.0,304.0,301.0
Westerveld,,83.0,84.0,84.0,159.0,160.0,161.0,160.0,250.0,250.0,260.0,276.0,289.0,298.0,294.0,284.0,270.0,252.0,244.0,240.0,245.0,252.0,272.0,287.0,303.0,327.0,374.0,390.0
Westervoort,81.0,81.0,81.0,81.0,128.0,129.0,129.0,129.0,192.0,193.0,201.0,208.0,210.0,208.0,205.0,201.0,192.0,182.0,173.0,171.0,176.0,186.0,202.0,219.0,237.0,262.0,310.0,318.0
Westerwolde,,,,,,,,,,,,,,,,,,,,,,171.0,180.0,186.0,204.0,234.0,269.0,285.0
Westland,,,,,,,,151.0,230.0,232.0,254.0,274.0,280.0,284.0,280.0,274.0,262.0,247.0,238.0,239.0,244.0,259.0,292.0,318.0,341.0,374.0,424.0,445.0
Weststellingwerf,57.0,57.0,58.0,59.0,117.0,117.0,118.0,118.0,181.0,181.0,195.0,206.0,211.0,215.0,206.0,200.0,194.0,181.0,169.0,173.0,180.0,189.0,203.0,216.0,237.0,258.0,299.0,309.0
Westvoorne,125.0,125.0,126.0,126.0,201.0,203.0,201.0,203.0,306.0,307.0,320.0,358.0,373.0,358.0,348.0,342.0,324.0,303.0,291.0,289.0,298.0,310.0,334.0,363.0,393.0,431.0,,
Wierden,77.0,78.0,79.0,80.0,146.0,145.0,146.0,147.0,224.0,225.0,240.0,258.0,269.0,269.0,267.0,260.0,250.0,236.0,231.0,234.0,238.0,246.0,263.0,278.0,297.0,338.0,380.0,418.0
Wieringen,73.0,73.0,74.0,74.0,116.0,116.0,116.0,118.0,179.0,182.0,191.0,207.0,212.0,211.0,208.0,,,,,,,,,,,,,
Wieringermeer,69.0,68.0,70.0,70.0,109.0,112.0,112.0,113.0,177.0,181.0,193.0,207.0,208.0,208.0,206.0,,,,,,,,,,,,,
Wijchen,93.0,94.0,94.0,95.0,150.0,151.0,151.0,151.0,228.0,228.0,247.0,261.0,269.0,270.0,265.0,255.0,245.0,227.0,223.0,221.0,222.0,233.0,248.0,263.0,282.0,317.0,357.0,372.0
Wijdemeren,,,,,,217.0,217.0,218.0,322.0,319.0,349.0,381.0,401.0,391.0,379.0,368.0,353.0,330.0,320.0,323.0,331.0,350.0,376.0,404.0,432.0,484.0,537.0,563.0
Wijhe,82.0,82.0,83.0,84.0,,,,,,,,,,,,,,,,,,,,,,,,
Wijk bij Duurstede,106.0,106.0,106.0,107.0,166.0,167.0,169.0,170.0,240.0,240.0,263.0,289.0,295.0,300.0,290.0,280.0,274.0,260.0,249.0,248.0,253.0,260.0,277.0,297.0,322.0,357.0,419.0,437.0
Winschoten,54.0,54.0,55.0,56.0,81.0,82.0,83.0,84.0,129.0,130.0,140.0,151.0,157.0,,,,,,,,,,,,,,,
Winsum,58.0,59.0,59.0,59.0,95.0,95.0,96.0,97.0,147.0,147.0,165.0,178.0,183.0,184.0,180.0,180.0,174.0,167.0,164.0,164.0,164.0,170.0,,,,,,
Winterswijk,68.0,68.0,69.0,69.0,131.0,132.0,133.0,134.0,195.0,196.0,207.0,217.0,220.0,217.0,210.0,203.0,192.0,180.0,172.0,169.0,172.0,179.0,200.0,214.0,227.0,253.0,286.0,300.0
Wisch,70.0,70.0,71.0,71.0,141.0,,,,,,,,,,,,,,,,,,,,,,,
Wittem,106.0,106.0,,,,,,,,,,,,,,,,,,,,,,,,,,
Woensdrecht,84.0,85.0,85.0,85.0,139.0,139.0,139.0,140.0,207.0,206.0,231.0,242.0,250.0,249.0,239.0,240.0,229.0,223.0,216.0,219.0,226.0,233.0,248.0,261.0,278.0,292.0,330.0,343.0
Woerden,96.0,96.0,97.0,98.0,164.0,165.0,165.0,165.0,238.0,238.0,255.0,270.0,280.0,278.0,273.0,272.0,261.0,250.0,244.0,247.0,255.0,269.0,287.0,309.0,328.0,354.0,405.0,412.0
Wognum,97.0,96.0,97.0,96.0,154.0,153.0,155.0,155.0,235.0,237.0,,,,,,,,,,,,,,,,,,
Wormerland,89.0,89.0,89.0,89.0,140.0,138.0,139.0,141.0,224.0,224.0,240.0,252.0,259.0,262.0,254.0,246.0,240.0,217.0,217.0,219.0,222.0,236.0,264.0,297.0,324.0,350.0,415.0,421.0
Woudenberg,113.0,113.0,114.0,114.0,175.0,175.0,175.0,176.0,259.0,259.0,279.0,296.0,306.0,312.0,307.0,301.0,287.0,281.0,271.0,263.0,275.0,288.0,316.0,335.0,366.0,398.0,470.0,491.0
Woudrichem,96.0,96.0,96.0,98.0,150.0,151.0,151.0,152.0,239.0,239.0,263.0,279.0,280.0,280.0,277.0,272.0,264.0,250.0,242.0,240.0,242.0,247.0,,,,,,
Wymbritseradiel,62.0,63.0,64.0,65.0,113.0,114.0,116.0,117.0,191.0,192.0,212.0,230.0,239.0,242.0,,,,,,,,,,,,,,
W√ªnseradiel,62.0,63.0,64.0,64.0,100.0,101.0,102.0,102.0,159.0,160.0,182.0,201.0,206.0,204.0,,,,,,,,,,,,,,
Zaanstad,63.0,62.0,63.0,62.0,114.0,116.0,117.0,118.0,176.0,176.0,189.0,195.0,199.0,200.0,199.0,188.0,187.0,177.0,170.0,175.0,183.0,201.0,229.0,256.0,281.0,311.0,368.0,391.0
Zaltbommel,77.0,77.0,82.0,82.0,154.0,154.0,155.0,156.0,248.0,250.0,269.0,278.0,285.0,286.0,275.0,265.0,251.0,233.0,224.0,228.0,233.0,241.0,256.0,271.0,291.0,322.0,363.0,378.0
Zandvoort,79.0,92.0,93.0,92.0,177.0,178.0,178.0,178.0,266.0,266.0,282.0,301.0,308.0,310.0,301.0,289.0,272.0,255.0,245.0,249.0,262.0,281.0,309.0,352.0,387.0,418.0,467.0,460.0
Zederik,101.0,102.0,102.0,104.0,160.0,160.0,157.0,158.0,231.0,232.0,257.0,281.0,288.0,286.0,284.0,280.0,272.0,258.0,250.0,246.0,254.0,258.0,,,,,,
Zeeland (PV),71.0,71.0,72.0,72.0,101.0,102.0,102.0,103.0,158.0,159.0,181.0,194.0,199.0,200.0,198.0,198.0,194.0,188.0,185.0,186.0,190.0,194.0,205.0,215.0,228.0,248.0,282.0,304.0
Zeevang,108.0,108.0,109.0,110.0,179.0,180.0,181.0,182.0,273.0,274.0,286.0,307.0,315.0,314.0,310.0,302.0,289.0,272.0,265.0,,,,,,,,,
Zeewolde,101.0,100.0,100.0,99.0,155.0,156.0,157.0,158.0,232.0,233.0,238.0,251.0,254.0,258.0,256.0,253.0,246.0,235.0,229.0,228.0,229.0,240.0,278.0,289.0,305.0,331.0,394.0,418.0
Zeist,116.0,116.0,116.0,113.0,190.0,191.0,193.0,194.0,275.0,284.0,305.0,330.0,345.0,350.0,342.0,330.0,316.0,297.0,284.0,285.0,296.0,318.0,346.0,376.0,399.0,440.0,514.0,523.0
Zelhem,99.0,99.0,99.0,99.0,158.0,,,,,,,,,,,,,,,,,,,,,,,
Zevenaar,83.0,83.0,83.0,83.0,132.0,133.0,131.0,133.0,199.0,200.0,212.0,222.0,225.0,226.0,216.0,207.0,200.0,185.0,180.0,182.0,180.0,185.0,204.0,219.0,236.0,265.0,303.0,320.0
Zevenbergen,76.0,81.0,,,,,,,,,,,,,,,,,,,,,,,,,,
Zevenhuizen-Moerkapelle,110.0,110.0,110.0,111.0,168.0,168.0,169.0,167.0,249.0,249.0,270.0,283.0,295.0,,,,,,,,,,,,,,,
Zijpe,72.0,72.0,72.0,72.0,140.0,141.0,142.0,142.0,218.0,217.0,232.0,243.0,251.0,250.0,250.0,246.0,,,,,,,,,,,,
Zoetermeer,96.0,95.0,96.0,96.0,130.0,131.0,132.0,134.0,186.0,187.0,197.0,206.0,211.0,213.0,209.0,206.0,199.0,188.0,184.0,186.0,191.0,200.0,220.0,242.0,257.0,290.0,357.0,363.0
Zoeterwoude,91.0,92.0,92.0,92.0,180.0,179.0,180.0,180.0,272.0,272.0,287.0,311.0,313.0,319.0,310.0,303.0,302.0,285.0,274.0,270.0,271.0,283.0,321.0,349.0,368.0,403.0,454.0,469.0
Zuid-Holland (PV),76.0,76.0,77.0,77.0,120.0,121.0,121.0,122.0,186.0,187.0,203.0,217.0,225.0,226.0,221.0,217.0,210.0,199.0,194.0,197.0,203.0,214.0,236.0,261.0,282.0,311.0,359.0,373.0
Zuidhorn,67.0,67.0,67.0,68.0,107.0,109.0,109.0,110.0,168.0,170.0,191.0,203.0,208.0,208.0,204.0,202.0,195.0,185.0,181.0,182.0,189.0,195.0,,,,,,
Zuidlaren,94.0,98.0,99.0,,,,,,,,,,,,,,,,,,,,,,,,,
Zuidplas,,,,,,,,,,,,,,273.0,266.0,258.0,247.0,232.0,221.0,223.0,228.0,239.0,274.0,295.0,316.0,347.0,411.0,434.0
Zuidwolde,97.0,,,,,,,,,,,,,,,,,,,,,,,,,,,
Zundert,109.0,110.0,110.0,110.0,167.0,167.0,168.0,169.0,259.0,260.0,289.0,308.0,318.0,320.0,315.0,307.0,299.0,291.0,289.0,279.0,280.0,275.0,289.0,305.0,319.0,358.0,409.0,434.0
Zutphen,58.0,58.0,59.0,61.0,109.0,109.0,111.0,111.0,181.0,182.0,194.0,205.0,211.0,214.0,212.0,205.0,196.0,185.0,179.0,179.0,181.0,189.0,202.0,216.0,231.0,254.0,311.0,322.0
Zwartewaterland,,,,,118.0,119.0,119.0,117.0,185.0,185.0,205.0,218.0,221.0,218.0,217.0,213.0,209.0,197.0,192.0,190.0,194.0,199.0,216.0,225.0,237.0,262.0,297.0,315.0
Zwartsluis,70.0,70.0,71.0,75.0,,,,,,,,,,,,,,,,,,,,,,,,
Zweeloo,80.0,,,,,,,,,,,,,,,,,,,,,,,,,,,
Zwijndrecht,67.0,66.0,67.0,67.0,119.0,119.0,122.0,122.0,175.0,174.0,190.0,200.0,208.0,208.0,198.0,192.0,183.0,169.0,163.0,168.0,173.0,182.0,198.0,216.0,237.0,256.0,303.0,314.0
Zwolle,72.0,72.0,73.0,74.0,116.0,117.0,117.0,118.0,179.0,181.0,201.0,211.0,216.0,223.0,217.0,216.0,212.0,198.0,201.0,203.0,207.0,219.0,235.0,252.0,272.0,298.0,344.0,355.0
het Bildt,51.0,52.0,52.0,53.0,82.0,84.0,86.0,86.0,141.0,142.0,155.0,167.0,170.0,168.0,166.0,163.0,153.0,142.0,139.0,141.0,143.0,,,,,,,
